-- phpMyAdmin SQL Dump
-- version 4.7.9
-- https://www.phpmyadmin.net/
--
-- Máy chủ: 127.0.0.1:3306
-- Thời gian đã tạo: Th6 20, 2019 lúc 07:40 AM
-- Phiên bản máy phục vụ: 5.7.21
-- Phiên bản PHP: 5.6.35

SET SQL_MODE = "NO_AUTO_VALUE_ON_ZERO";
SET AUTOCOMMIT = 0;
START TRANSACTION;
SET time_zone = "+00:00";


/*!40101 SET @OLD_CHARACTER_SET_CLIENT=@@CHARACTER_SET_CLIENT */;
/*!40101 SET @OLD_CHARACTER_SET_RESULTS=@@CHARACTER_SET_RESULTS */;
/*!40101 SET @OLD_COLLATION_CONNECTION=@@COLLATION_CONNECTION */;
/*!40101 SET NAMES utf8mb4 */;

--
-- Cơ sở dữ liệu: `baodientu`
--

-- --------------------------------------------------------

--
-- Cấu trúc bảng cho bảng `category`
--

DROP TABLE IF EXISTS `category`;
CREATE TABLE IF NOT EXISTS `category` (
  `id` int(11) NOT NULL AUTO_INCREMENT,
  `name` varchar(100) NOT NULL,
  PRIMARY KEY (`id`)
) ENGINE=InnoDB AUTO_INCREMENT=7 DEFAULT CHARSET=utf8;

--
-- Đang đổ dữ liệu cho bảng `category`
--

INSERT INTO `category` (`id`, `name`) VALUES
(1, 'Điện Thoại'),
(2, 'Máy Ảnh'),
(3, 'Laptop'),
(4, 'Phần Cứng Máy Tính'),
(5, 'Thiết bị Công Nghệ');

-- --------------------------------------------------------

--
-- Cấu trúc bảng cho bảng `comment`
--

DROP TABLE IF EXISTS `comment`;
CREATE TABLE IF NOT EXISTS `comment` (
  `id` int(11) NOT NULL AUTO_INCREMENT,
  `content` varchar(500) NOT NULL,
  `id_post` int(11) NOT NULL,
  `id_user` int(11) NOT NULL,
  `timeComment` datetime NOT NULL DEFAULT CURRENT_TIMESTAMP,
  PRIMARY KEY (`id`),
  KEY `id_user` (`id_user`),
  KEY `id_post` (`id_post`)
) ENGINE=InnoDB AUTO_INCREMENT=24 DEFAULT CHARSET=utf8;

--
-- Đang đổ dữ liệu cho bảng `comment`
--

INSERT INTO `comment` (`id`, `content`, `id_post`, `id_user`, `timeComment`) VALUES
(15, 'meo', 9, 3, '2019-06-20 12:53:07'),
(16, 'meo con', 9, 3, '2019-06-20 12:53:13'),
(21, 'aaaaa', 9, 2, '2019-06-20 12:53:54');

-- --------------------------------------------------------

--
-- Cấu trúc bảng cho bảng `post`
--

DROP TABLE IF EXISTS `post`;
CREATE TABLE IF NOT EXISTS `post` (
  `id` int(11) NOT NULL AUTO_INCREMENT,
  `title` varchar(100) NOT NULL,
  `short_content` varchar(180) DEFAULT NULL,
  `content` text NOT NULL,
  `image` text NOT NULL,
  `date_post` date NOT NULL,
  `id_category` int(11) NOT NULL,
  `id_author` int(11) NOT NULL,
  `views` int(11) NOT NULL DEFAULT '0',
  `hotNews` int(11) NOT NULL DEFAULT '0' COMMENT '0: tin bình thường, 1: tin nổi bật',
  `status` int(11) NOT NULL DEFAULT '0' COMMENT '0: chờ, 1: chờ xuất bản, 2: đã xuất bản, -1: từ chối',
  `cause_not_approved` varchar(200) DEFAULT '',
  `id_tag` int(11) DEFAULT '1',
  PRIMARY KEY (`id`),
  KEY `id_category` (`id_category`),
  KEY `id_author` (`id_author`),
  KEY `id_tag` (`id_tag`)
) ENGINE=InnoDB AUTO_INCREMENT=34 DEFAULT CHARSET=utf8;

--
-- Đang đổ dữ liệu cho bảng `post`
--

INSERT INTO `post` (`id`, `title`, `short_content`, `content`, `image`, `date_post`, `id_category`, `id_author`, `views`, `hotNews`, `status`, `cause_not_approved`, `id_tag`) VALUES
(9, '444444444444444', '4444444444444', '<p>44444444444444</p>\r\n', '/public/image/Dn1iP.jpg', '2019-06-20', 1, 2, 7, 0, 2, '', 2),
(10, 'Google sẽ ra mắt nền tảng nhắn tin giống iMessage cho Android', '(Techz.vn) Nền tảng nhắn tin của Google dành cho các thiết bị Android sẽ có tên RCS và được ra mắt ngay trong năm nay.', '<p>Theo TheVerge, Google sẽ trực tiếp cung cấp RCS cho người d&ugrave;ng Android ở một số quốc gia nhất định trong những th&aacute;ng tới. Đ&acirc;y l&agrave; động th&aacute;i rất dứt kho&aacute;t của Google sau khi c&aacute;c nh&agrave; mạng li&ecirc;n tục tr&igrave; ho&atilde;n hỗ trợ dự &aacute;n của Google.</p>\r\n\r\n<p>Cụ thể, bắt đầu từ cuối th&aacute;ng n&agrave;y những người sở hữu smartphone Android tại Ph&aacute;p v&agrave; Anh c&oacute; ứng dụng Messages ch&iacute;nh thức sẽ c&oacute; th&ecirc;m một t&ugrave;y chọn tin nhắn RCS. Dịch vụ n&agrave;y sẽ được gọi vớii c&aacute;i t&ecirc;n th&acirc;n thiện hơn &ndash; &quot;Chat&quot; &ndash; do Google kiểm so&aacute;t v&agrave; sẽ hoạt động tr&ecirc;n những thiết bị Android giữa những nh&agrave; mạng kh&aacute;c nhau.</p>\r\n\r\n<p><img alt=\"\" src=\"https://media.techz.vn/resize_x630x473/upload/2019/06/20/image-1561006636-google_rcs_chat_pixel_3.jpg\" style=\"height:526px; width:700px\" /></p>\r\n\r\n<p>&nbsp;</p>\r\n\r\n<p>Cả hai khi thiết bị khi sử dụng ứng dụng RCS n&agrave;y chỉ cần kết nối với internet l&agrave; c&oacute; thể gửi tin nhắn hoặc h&igrave;nh ảnh/ video cho nhau ho&agrave;n to&agrave;n miễn ph&iacute; m&agrave; kh&ocirc;ng cần phải th&ocirc;ng qua c&aacute;c nh&agrave; mạng.</p>\r\n\r\n<p>Trong một th&ocirc;ng b&aacute;o mới nhất th&igrave; Google cho biết ứng dụng Chat RCS mới sẽ kh&ocirc;ng giữ tin nhắn, nhưng ảnh, GIF v&agrave; c&aacute;c tệp kh&aacute;c sẽ được giữ lại trong một khoảng thời gian, cho ph&eacute;p người d&ugrave;ng c&oacute; thể tải xuống.</p>\r\n\r\n<p>Nh&igrave;n chung, c&oacute; thể thấy Chat RCS l&agrave; một trong những nỗ lực của Google trong việc ph&aacute;t triển một ứng dụng nhắn tin. Trước đ&acirc;y, Google từng tạo ra rất nhiều ứng dụng nhắn tin kh&aacute;c như Google Messenger, Duo, Allo, Hangouts Chat tuy nhi&ecirc;n tất cả đều kh&ocirc;ng được người d&ugrave;ng đ&oacute;n nhận.</p>\r\n', '/public/image/dt1.jpg', '2019-06-20', 1, 2, 1, 0, 0, '', 1),
(11, 'Người dùng smartphone Huawei giận dữ vì bị quảng cáo ở cả màn hình khoá của máy', ' Màn hình khoá của một số điện thoại Huawei hiển thị quảng cáo từ một website bán dịch vụ du lịch, khiến người dùng không hài lòng.', '<p>(Techz.vn) M&agrave;n h&igrave;nh kho&aacute; của một số điện thoại Huawei hiển thị quảng c&aacute;o từ một website b&aacute;n dịch vụ du lịch, khiến người d&ugrave;ng kh&ocirc;ng h&agrave;i l&ograve;ng.</p>\r\n\r\n<p>B&Agrave;I VIẾT LI&Ecirc;N QUAN</p>\r\n\r\n<ul>\r\n	<li><a href=\"http://www.techz.vn/nhung-smartphone-dau-tien-cua-huawei-duoc-cap-nhat-android-q-ylt74896.html\">Những smartphone đầu ti&ecirc;n của Huawei được cập nhật Android Q</a></li>\r\n	<li><a href=\"http://www.techz.vn/huawei-se-hoan-tien-cho-nguoi-dung-neu-smartphone-khong-duoc-goog-ylt74910.html\">Huawei sẽ ho&agrave;n tiền cho người d&ugrave;ng nếu smartphone kh&ocirc;ng được Google hỗ trợ</a></li>\r\n	<li><a href=\"http://www.techz.vn/huawei-nova-5-pro-lo-hinh-anh-thuc-te-kem-sac-nhanh-40w-ylt74930.html\">Huawei Nova 5 Pro lộ h&igrave;nh ảnh thực tế k&egrave;m sạc nhanh 40W</a></li>\r\n</ul>\r\n\r\n<p>Mới đ&acirc;y, nhiều người d&ugrave;ng điện thoại Huawei tại khu vực ch&acirc;u &Acirc;u tỏ ra giận dữ khi những chiếc điện thoại của họ bất ngờ hiển thị quảng c&aacute;o của Booking.com tr&ecirc;n m&agrave;n h&igrave;nh kho&aacute;. Theo trang Android Police, c&aacute;c quảng c&aacute;o n&agrave;y thường xuất hiện tr&ecirc;n những thiết bị sử dụng h&igrave;nh nền c&oacute; sẵn của m&aacute;y. C&aacute;c trường hợp quảng c&aacute;o xuất hiện được ghi nhận tại thị trường Anh, H&agrave; Lan, Ireland, Nam Phi, Na Uy, Đức.</p>\r\n\r\n<p><a href=\"https://petapixel.com/2019/06/14/huawei-thought-ads-were-acceptable-lockscreen-photos-nope/\"><img alt=\"\" src=\"https://media.techz.vn/upload/2019/06/20/image-1561002240-fourwallpapers.jpg\" style=\"height:384px; width:700px\" /></a></p>\r\n\r\n<p>&nbsp;</p>\r\n\r\n<p>Tr&ecirc;n Twitter, một l&agrave;n s&oacute;ng phẫn nộ với Huawei đang nổi l&ecirc;n. Nhiều &yacute; kiến cho rằng đ&acirc;y l&agrave; động th&aacute;i nhằm gia tăng doanh thu của h&atilde;ng điện thoại Trung Quốc sau khi bị ảnh hưởng bởi c&aacute;c lệnh cấm từ Mỹ.</p>\r\n\r\n<p>Kh&ocirc;ng l&acirc;u sau khi bị chỉ tr&iacute;ch, Huawei đ&atilde; phải đứng ra xin lỗi với những người d&ugrave;ng của m&igrave;nh. Theo đ&oacute;, những quảng c&aacute;o n&agrave;y kh&ocirc;ng phải do Huawei khởi xướng, tuy nhi&ecirc;n c&ocirc;ng ty cũng sẽ t&igrave;m c&aacute;ch để gỡ bỏ ch&uacute;ng tr&ecirc;n m&aacute;y của người sử dụng. Ngo&agrave;i ra, những ai gặp quảng c&aacute;o n&agrave;y c&oacute; thể xử l&yacute; bằng c&aacute;ch vuốt từ cạnh dưới của m&aacute;y l&ecirc;n, sau đ&oacute; bấm v&agrave;o n&uacute;t &ldquo;Delete&rdquo;.</p>\r\n', '/public/image/dt2.jpg', '2019-06-20', 1, 2, 0, 0, 0, '', 1),
(12, 'Apple sẽ sản xuất iPhone tại Việt Nam?', ' Nếu như không còn sản xuất iPhone tại Trung Quốc, Apple có thể sẽ đưa ra giải pháp thay thế tại Việt Nam.', '<p>Nếu như kh&ocirc;ng c&ograve;n sản xuất iPhone tại Trung Quốc, Apple c&oacute; thể sẽ đưa ra giải ph&aacute;p thay thế tại Việt Nam.</p>\r\n\r\n<p>B&Agrave;I VIẾT LI&Ecirc;N QUAN</p>\r\n\r\n<ul>\r\n	<li><a href=\"http://www.techz.vn/cong-cu-be-khoa-truy-cap-du-lieu-ca-nhan-tren-iphone-ipad-duoc-ban-tren-ebay-chi-100-usd-ylt74858.html\">C&ocirc;ng cụ bẻ kho&aacute; iPhone, iPad được b&aacute;n tr&ecirc;n eBay chỉ 100 USD</a></li>\r\n	<li><a href=\"http://www.techz.vn/thu-thuat-giup-iphone-chay-nhanh-va-muot-hon-ylt74912.html\">Thủ thuật gi&uacute;p iPhone chạy nhanh v&agrave; mượt hơn</a></li>\r\n	<li><a href=\"http://www.techz.vn/huong-dan-tai-ios-13-truc-tiep-ngay-tren-iphone-ylt74913.html\">Hướng dẫn tải iOS 13 trực tiếp ngay tr&ecirc;n iPhone</a></li>\r\n</ul>\r\n\r\n<p>Cuộc chiến tranh thương m&atilde;i Mỹ - Trung vừa chưa c&oacute; hồi kết v&agrave; điều n&agrave;y sẽ khiến cho Apple sẽ gặp nhiều bất lợi tại Trung Quốc. Nhận thấy được điều đ&oacute;, Apple đang c&acirc;n nhắc việc y&ecirc;u cầu c&aacute;c chuỗi cung ứng ch&iacute;nh của h&atilde;ng tại c&aacute;c thị trường kh&aacute;c. Di chuyển từ 15% đến 30% c&ocirc;ng suất ra khỏi Trung Quốc.</p>\r\n\r\n<p><img alt=\"\" src=\"https://media.techz.vn/upload/2019/06/20/image-1560989481-iphone-builder-foxconn-robots-header-720x720.jpg\" style=\"height:467px; width:700px\" /></p>\r\n\r\n<p>&nbsp;&nbsp;&nbsp;&nbsp;undefined</p>\r\n\r\n<p>C&aacute;c quốc gia được Apple xem x&eacute;t sẽ l&agrave; nơi để chuyển đổi bao gồm Mexico, Ấn Độ, Indonesia, Malaysia v&agrave; Việt Nam. Trong đ&oacute;, Việt Nam v&agrave; Trung Quốc l&agrave; 2 thị trường tiềm năng trong việc x&acirc;y dựng d&acirc;y chuyền lắp r&aacute;p iPhone. Đừng qu&ecirc;n rằng, Ấn Độ với nh&agrave; m&aacute;y của Wistron cũng đ&atilde; từng sản xuất iPhone, nhưng với số lượng kh&aacute; hạn chế.&nbsp;</p>\r\n\r\n<p>Việc di chuyển c&aacute;c chuỗi cung ứng l&agrave; c&aacute;ch để Apple giảm dần sự phụ thuộc v&agrave;o Trung Quốc, trong thời điểm &quot;nhạy cảm&quot; với mức thuế nhập khẩu tại Mỹ đang c&oacute; dấu hiệu tăng vọt, ảnh hưởng lớn đến chi ph&iacute; sản xuất của Apple tại Trung Quốc.&nbsp;</p>\r\n\r\n<p>Kh&ocirc;ng chỉ d&acirc;y chuyền lắp r&aacute;p iPhone (Foxconn, Pegatron, Wistron), n&oacute; c&ograve;n bao gồm cả c&aacute;c thiết bị kh&aacute;c như MacBook (Quanta Computer), iPad (Compal Electronics), AirPods (Inventeec, Luxshare-ICT v&agrave; Goertek).&nbsp;</p>\r\n\r\n<p>Th&ocirc;ng thường, Apple sẽ mất khoảng 18 th&aacute;ng để k&iacute;ch hoạt d&acirc;y chuyền sản xuất từ c&aacute;c nh&agrave; cung ứng. Thậm ch&iacute; c&oacute; thể l&acirc;u hơn để c&aacute;c nh&agrave; cung ứng đ&aacute;p ứng đủ y&ecirc;u cầu khắt khe của Apple, đi v&agrave;o qu&aacute; tr&igrave;nh sản xuất ch&iacute;nh thức.</p>\r\n', '/public/image/dt3.jpg', '2019-06-20', 1, 2, 0, 0, 0, '', 1),
(13, 'Bphone 3 - Chiếc điện thoại \"thương hiệu Việt\" sẽ lên kệ tại Myanmar vào tháng tới', 'Đây có lẽ là tin vui và cũng là niềm hãnh diện cho người dùng tại Việt Nam, khi thương hiệu Bkav sắp vươn tầm ra thế giới.', '<p>Mẫu flagship Bphone 3 của Bkav vừa mới xuất hiện tr&ecirc;n k&ecirc;nh truyền h&igrave;nh của Myanmar, tuy nhi&ecirc;n, gi&aacute; b&aacute;n sản phẩm vẫn chưa được c&ocirc;ng bố.</p>\r\n\r\n<p><img alt=\"\" src=\"https://media.techz.vn/upload/2019/06/19/image-1560960798-photo1539143454638-1539143454638193478858.jpg\" style=\"height:434px; width:700px\" /></p>\r\n\r\n<p>Theo như tiết lộ của Bkav, Bphone 3 sẽ được b&aacute;n ra tại Myanmar th&ocirc;ng qua nh&agrave; mạng Mytel (thương hiệu con của Viettel tại thị trường Myanmar). Đ&acirc;y chắc hẳn l&agrave; một th&ocirc;ng tin đ&aacute;ng mừng, bởi tầm ảnh hưởng của sản phẩm thương hiệu Việt sắp được lan rộng ra thị trường thế giới.&nbsp;</p>\r\n\r\n<p>Bkav chia sẻ &quot;<em>Myanmar l&agrave; thị trường mới v&agrave; kh&aacute; cởi mở, họ cũng rất th&iacute;ch c&aacute;c sản phẩm c&oacute; chất lượng tốt tại Việt Nam</em>&quot;.&nbsp;</p>\r\n\r\n<p>Vậy sau gần 1 năm l&ecirc;n kệ (từ ng&agrave;y 10/10/2018), chiếc điện thoại sở hữu viền m&agrave;n h&igrave;nh dưới si&ecirc;u mỏng đ&atilde; sẵn s&agrave;ng để &quot;xuất ngoại&quot;, mang niềm vinh dự lớn về cho đất nước.</p>\r\n\r\n<p>Mặc d&ugrave; c&oacute; mặt tr&ecirc;n thị trường kh&aacute; l&acirc;u, nhưng sản phẩm n&agrave;y vẫn chưa đủ doanh số để g&oacute;p mặt trong thống k&ecirc; thị phần GfK v&agrave; IDC. Thế nhưng, Bkav vẫn rất lạc quan khi cho rằng, doanh số của Bphone 3 cao gấp 5 ~ 6 lần so với phi&ecirc;n bản tiền nhiệm Bphone 2.</p>\r\n\r\n<p>Hiện sản phẩm n&agrave;y đang được b&aacute;n ra với mức gi&aacute; 6,99 triệu đồng cho phi&ecirc;n bản ti&ecirc;u chuẩn v&agrave; 9,99 triệu đồng cho bản Pro. Hy vọng với mức gi&aacute; mức chấp nhận được c&ugrave;ng thiết kế bắt mắt, cấu h&igrave;nh vừa đủ. Bphone 3 sẽ đủ khả năng chinh phục thị trường Myanmar.</p>\r\n', '/public/image/dt4.jpg', '2019-06-20', 1, 2, 0, 0, 0, '', 1),
(14, 'Công cụ bẻ khoá iPhone, iPad được bán trên eBay chỉ 100 USD', 'Những chiếc iPhone, iPad vẫn tiềm tàng những rủi ro bị bẻ khoá.', '<p>Apple được xem l&agrave; c&ocirc;ng ty di động c&oacute; thể bảo mật tốt nhất v&agrave;o thời điểm hiện tại. Song, vẫn c&oacute; những tổ chức đủ khả năng để bẻ kho&aacute; c&aacute;c thiết bị iPhone/iPad một c&aacute;ch dễ d&agrave;ng.</p>\r\n\r\n<p>Quay trở lại v&agrave;o năm 2016, Apple đ&atilde; từ chối lệnh mở kho&aacute; một chiếc iPhone 5c từ nghi can giết người tại to&agrave; &aacute;n li&ecirc;n bang, h&atilde;ng cho rằng việc coi trọng quyền ri&ecirc;ng tư của người d&ugrave;ng l&agrave; tr&ecirc;n hết. Ch&iacute;nh v&igrave; vậy, FBI đ&atilde; phải nhờ đến một c&ocirc;ng ty b&ecirc;n thứ 3 c&oacute; t&ecirc;n gọi l&agrave; &quot;Cellebrite&quot; để tiến h&agrave;nh việc mở kho&aacute;.</p>\r\n\r\n<p><img alt=\"\" src=\"https://media.techz.vn/upload/2019/06/17/image-1560730333-mokhoaiphone_800x477.jpg\" /></p>\r\n\r\n<p>&nbsp;</p>\r\n\r\n<p>Từ đ&oacute;, Cellebrite trở th&agrave;nh một tổ chức nổi tiếng chuy&ecirc;n mở kho&aacute; cho c&aacute;c thiết bị iPhone. Được biết, những chiếc m&aacute;y do Cellebrite sản xu&aacute;t sau khi cắm v&agrave;o cổng Lightning của iPhone c&oacute; thể vượt được giới hạn số lần thử mật m&atilde;, kh&ocirc;ng gặp phải t&igrave;nh trạng kho&aacute; m&aacute;y do nhập sai nhiều lần.</p>\r\n\r\n<p>Thấy vậy, Apple tiếp tục bổ sung Chế độ hạn chế USB tr&ecirc;n iOS 12. Ngăn cho cổng Lightning kết nối với c&aacute;c thiết bị kh&aacute;c nếu như iPhone kh&ocirc;ng được mở kho&aacute; trong v&ograve;ng một giờ.&nbsp;</p>\r\n\r\n<p>Ngay sau đ&oacute;, c&ocirc;ng ty đến từ Israel lại tiếp tục đưa ra giải ph&aacute;p mới để mở kho&aacute; những ch&uacute; g&agrave; đẻ trứng v&agrave;ng của Apple. Tr&ecirc;n website, họ c&ocirc;ng bố c&oacute; thể tr&iacute;ch xuất to&agrave;n bộ hệ thống của tất cả c&aacute;c d&ograve;ng m&aacute;y chạy iOS hoặc thậm ch&iacute; l&agrave; c&aacute;c d&ograve;ng m&aacute;y Android cao cấp. Tr&ecirc;n thực tế, Cellebrite c&oacute; thể bẻ kho&aacute; c&aacute;c thiết bị Apple chạy từ iOS 7 đến iOS 12.3 v&agrave; c&aacute;c d&ograve;ng m&aacute;y Android cao cấp từ c&aacute;c h&atilde;ng lớn như Samsung, Huawei, LG, Xiaomi.&nbsp;</p>\r\n\r\n<p><img alt=\"\" src=\"https://media.techz.vn/upload/2019/06/17/image-1560730334-bekhoadienthoai_800x450.jpg\" /></p>\r\n\r\n<p>Cellebrite quảng b&aacute; thiết bị bẻ kho&aacute; ho&agrave;n hảo của h&atilde;ng như l&agrave; một c&ocirc;ng cụ để thực thi ph&aacute;p luật. Những c&ocirc;ng cụ n&agrave;y c&oacute; thể truy cập v&agrave;o dữ liệu ứng dụng của c&aacute;c b&ecirc;n thứ 3, c&aacute;c cuộc tr&ograve; chuyện, email v&agrave; c&aacute;c tệp đ&iacute;nh k&egrave;m, c&aacute;c nội dung đ&atilde; xo&aacute;.. Gi&uacute;p tăng cơ hội t&igrave;m thấy bằng chứng cần thiết để giải quyết c&aacute;c sự việc nghi&ecirc;m trọng.</p>\r\n\r\n<p>Những tưởng đ&acirc;y l&agrave; thiết bị chỉ d&agrave;nh cho c&aacute;c cơ quan chức năng c&oacute; thẩm quyền. Song, hồi th&aacute;ng 2/2019, một thiết bị thuộc tổ chức Cellebrite đ&atilde; bị tuồn ra v&agrave; b&aacute;n tr&ecirc;n eBay với mức gi&aacute; chỉ 100 USD (khoảng 2.3 triệu đồng).</p>\r\n\r\n<p>Kh&ocirc;ng chỉ Cellebrite, Grayshift cũng l&agrave; một tổ chức c&oacute; khả năng bẻ kho&aacute; iPhone bằng c&aacute;ch v&ocirc; hiệu ho&aacute; Chế độ hạn chế USB tr&ecirc;n iOS 12.&nbsp;</p>\r\n\r\n<p><img alt=\"\" src=\"https://media.techz.vn/upload/2019/06/17/image-1560730334-graykey_800x393.jpg\" style=\"height:344px; width:700px\" /></p>\r\n\r\n<p>Kh&aacute;c với Cellebrite, Grayshift trở th&agrave;nh tổ chức an to&agrave;n hơn về c&aacute;c c&ocirc;ng cụ bẻ kho&aacute; lẫn phương thức. Người d&ugrave;ng truy cập v&agrave;o website phải được sự chấp thuận của Grayshift. Tổ chức n&agrave;y cũng thẳng thừng tuy&ecirc;n bố &quot;<em>GrayKey kh&ocirc;ng d&agrave;nh cho tất cả mọi người, ch&uacute;ng t&ocirc;i mong muốn biết về bản th&acirc;n v&agrave; tổ chức của bạn</em>&quot;.</p>\r\n', '/public/image/dt4.jpg', '2019-06-20', 1, 2, 0, 0, 0, '', 1),
(15, 'Huawei Mate 30 Pro: Quả bom tấn với 4 camera, màn hình 90Hz, sạc nhanh 55W sắp ra mắt', 'Mặc kệ những diễn biến căng thẳng Mỹ - Trung, lịch trình ra mắt các sản phẩm mới của Huawei vẫn rất dày đặc.', '<p>Mặc kệ những diễn biến căng thẳng Mỹ - Trung, lịch tr&igrave;nh ra mắt c&aacute;c sản phẩm mới của Huawei vẫn rất d&agrave;y đặc.</p>\r\n\r\n<p>B&Agrave;I VIẾT LI&Ecirc;N QUAN</p>\r\n\r\n<ul>\r\n	<li><a href=\"http://www.techz.vn/thi-truong-chau-au-phot-lo-iphone-huawei-lai-thang-lon-ylt74846.html\">Thị trường Ch&acirc;u &Acirc;u &quot;phớt lờ&quot; iPhone, Huawei lại thắng lớn!</a></li>\r\n	<li><a href=\"http://www.techz.vn/hang-loat-nguoi-dung-cam-phan-huawei-mang-quang-cao-len-man-hinh-khoa-dien-thoai-ylt74848.html\">H&agrave;ng loạt người d&ugrave;ng căm phẫn Huawei, mang quảng c&aacute;o l&ecirc;n m&agrave;n h&igrave;nh kho&aacute; điện thoại</a></li>\r\n	<li><a href=\"http://www.techz.vn/giua-bao-scandal-huawei-mate-x-duoc-ban-ra-voi-muc-gia-cao-ngat-nguong-84-trieu-dong-ylt74849.html\">Giữa b&atilde;o &quot;scandal&quot;, Huawei Mate X được b&aacute;n ra với mức gi&aacute; cao ngất ngưỡng 84 triệu đồng</a></li>\r\n</ul>\r\n\r\n<p>Mới đ&acirc;y, h&igrave;nh ảnh mới nhất về chiếc phablet Huawei Mate 30 Pro đ&atilde; xuất hiện h&agrave;ng loạt tr&ecirc;n c&aacute;c trang c&ocirc;ng nghệ. Đ&acirc;y được xem l&agrave; phi&ecirc;n bản phablet Huawei Mate thế hệ kế tiếp.</p>\r\n\r\n<p><img alt=\"\" src=\"https://media.techz.vn/upload/2019/06/16/image-1560698373-40U5L7.jpg\" /></p>\r\n\r\n<p>&nbsp;</p>\r\n\r\n<p>&nbsp;</p>\r\n\r\n<p>Về thiết kế, Huawei Mate 30 Pro đi k&egrave;m với viền m&agrave;n h&igrave;nh si&ecirc;u mỏng, hệ thống camera k&eacute;p mặt trước đặt b&ecirc;n trong m&agrave;n h&igrave;nh kh&aacute; giống với Galaxy S10+. Ở mặt sau, hệ thống camera được thiết kế dạng h&igrave;nh chữ V kh&aacute; độc đ&aacute;o.</p>\r\n\r\n<p><img alt=\"\" src=\"https://media.techz.vn/upload/2019/06/16/image-1560698373-40Uc1l.jpg\" style=\"height:393px; width:700px\" /></p>\r\n\r\n<p>M&aacute;y sở hữu m&agrave;n h&igrave;nh rất lớn với k&iacute;ch thước 6.7 inch AMOLED, tần số qu&eacute;t của sản phẩm n&agrave;y l&ecirc;n đến 90Hz, hứa hẹn sẽ mang đến trải nghiệm game, h&igrave;nh ảnh, cảm ứng tốt nhất hiện nay. Mate 30 Pro trang bị hệ thống 4 camera c&ugrave;ng với đ&egrave;n flashLED. M&aacute;y sẽ sử dụng chip xử l&yacute; Kirin 985, hỗ trợ mạng 5G với chip modem 5G Balong 5000 mang đến tốc độ cao hơn gấp 10 lần 4G LTE.</p>\r\n\r\n<p><img alt=\"\" src=\"https://media.techz.vn/upload/2019/06/16/image-1560698373-40UT0U.jpg\" style=\"height:394px; width:700px\" /></p>\r\n\r\n<p>Ngo&agrave;i ra, Mate Pro 30 sẽ đi k&egrave;m với thỏi pin dung lượng 4.200mAh, hỗ trợ sạc nhanh với c&ocirc;ng suất 55W. Như dự kiến, m&aacute;y sẽ được ra mắt v&agrave;o th&aacute;ng 10.</p>\r\n', '/public/image/dt5.jpg', '2019-06-20', 1, 2, 1, 0, 0, '', 1),
(16, 'Giữa bão \"scandal\", Huawei Mate X được bán ra với mức giá cao ngất ngưỡng 84 triệu đồng', 'Chiếc smartphone màn hình gập đầu tiên của Huawei bất ngờ bán ra với mức giá cao ngất ngưỡng', '<p>Chiếc smartphone m&agrave;n h&igrave;nh gập đầu ti&ecirc;n của Huawei bất ngờ b&aacute;n ra với mức gi&aacute; cao ngất ngưỡng.</p>\r\n\r\n<p>B&Agrave;I VIẾT LI&Ecirc;N QUAN</p>\r\n\r\n<ul>\r\n	<li><a href=\"http://www.techz.vn/nha-trang-muon-hoan-lenh-cam-huawei-them-2-nam-ylt74845.html\">Nh&agrave; Trắng muốn ho&atilde;n lệnh cấm Huawei th&ecirc;m 2 năm</a></li>\r\n	<li><a href=\"http://www.techz.vn/thi-truong-chau-au-phot-lo-iphone-huawei-lai-thang-lon-ylt74846.html\">Thị trường Ch&acirc;u &Acirc;u &quot;phớt lờ&quot; iPhone, Huawei lại thắng lớn!</a></li>\r\n	<li><a href=\"http://www.techz.vn/hang-loat-nguoi-dung-cam-phan-huawei-mang-quang-cao-len-man-hinh-khoa-dien-thoai-ylt74848.html\">H&agrave;ng loạt người d&ugrave;ng căm phẫn Huawei, mang quảng c&aacute;o l&ecirc;n m&agrave;n h&igrave;nh kho&aacute; điện thoại</a></li>\r\n</ul>\r\n\r\n<p>Huawei Mate X bỗng dưng xuất hiện tr&ecirc;n trang thương mại điện tử Taobao với mức gi&aacute; l&ecirc;n đến 24.999 Nh&acirc;n D&acirc;n Tệ (khoảng 84 triệu đồng). Khoảng thời gian n&agrave;y cũng gần như tr&ugrave;ng khớp với lịch tr&igrave;nh l&ecirc;n kệ của Huawei.&nbsp;</p>\r\n\r\n<p>ADVERTISING</p>\r\n\r\n<p>&nbsp;</p>\r\n\r\n<p><img alt=\"\" src=\"https://media.techz.vn/upload/2019/06/16/image-1560656294-1.jpg\" style=\"height:467px; width:700px\" /></p>\r\n\r\n<p>R&otilde; r&agrave;ng, mức gi&aacute; 84 triệu đồng v&agrave;o thời điểm hiện tại ch&ecirc;nh lệch rất lớn so với mức gi&aacute; dự kiến trước đ&oacute; (2.600 USD ~ 60 triệu đồng). Kh&ocirc;ng ngoại trừ khả năng đ&acirc;y l&agrave; chi&ecirc;u tr&ograve; &quot;marketing&quot; được Huawei tung ra trước khi mang Mate X l&ecirc;n kệ tại c&aacute;c cửa h&agrave;ng b&aacute;n lẻ, cũng như website ch&iacute;nh thức của h&atilde;ng.&nbsp;</p>\r\n\r\n<p>Ra mắt c&ugrave;ng thời điểm với Galaxy Fold, thế nhưng, Huawei lại kh&aacute; &quot;chu to&agrave;n&quot; trong việc l&ecirc;n kệ sản phẩm m&agrave;n h&igrave;nh gập độc đ&aacute;o n&agrave;y, m&aacute;y dự kiến sẽ được tung ra v&agrave;o th&aacute;ng 6/2019. Về cấu h&igrave;nh, m&aacute;y trang bị m&agrave;n h&igrave;nh AMOLED 6.6 inch với độ ph&acirc;n giải 2.480 x 1.148 pixels (Full HD+). K&iacute;ch thước của Mate X được n&acirc;ng l&ecirc;n mức 8 inch khi được mở ra với độ ph&acirc;n giải 2.480 x 2.200 pixels.&nbsp;</p>\r\n\r\n<p>Về cấu h&igrave;nh, m&aacute;y đi k&egrave;m VXL Kirin 980, pin dung lượng 4.500mAh c&oacute; sạc nhanh 55W, 8GB RAM, 512GB bộ nhớ trong, c&oacute; thể mở rộng th&ocirc;ng qua khe cắm thẻ microSD.</p>\r\n\r\n<p>Huawei Mate X sở hữu đến 4 camera, bao gồm camera ch&iacute;nh 40MP f/1.8, camera tele hỗ trợ chụp xo&aacute; ph&ocirc;ng 8MP f/2.4, camera g&oacute;c si&ecirc;u rộng 16MP f/2.2 v&agrave; cảm biến ToF 3D.</p>\r\n', '/public/image/dt6.jpg', '2019-06-20', 1, 2, 2, 0, 0, '', 1),
(17, 'Thị trường Châu Âu \"phớt lờ\" iPhone, Huawei lại thắng lớn!', 'Theo IDC, số lượng iPhone xuất xưởng tại Châu Âu đang giảm mạnh', '<p>Apple kh&ocirc;ng chỉ gặp kh&oacute; khăn tại thị trường Trung Quốc trong khoảng thời gian nhạy cảm vừa qua, m&agrave; ngay cả tại Ch&acirc;u &Acirc;u, h&atilde;ng cũng đang gặp phải rất nhiều kh&oacute; khăn đối với thị phần v&agrave; số lượng iPhone xuất xưởng.&nbsp;</p>\r\n\r\n<p>Cụ thể hơn, số lượng iPhone xuất xưởng tại Ch&acirc;u &Acirc;u, Trung Đ&ocirc;ng v&agrave; Ch&acirc;u Phi giảm đến 22,7%, đ&acirc;y l&agrave; một con số đ&aacute;ng b&aacute;o động. Trong Qu&yacute; I/2019, Apple xuất xưởng 7,8 triệu chiếc iPhone, thấp hơn so với c&ugrave;ng kỳ năm ngo&aacute;i l&agrave; 10,2 triệu chiếc. Thậm ch&iacute;, mốc thị phần Apple cũng giảm mạnh từ 18,5% xuống c&ograve;n 14,7%.</p>\r\n\r\n<p><img alt=\"\" src=\"https://media.techz.vn/upload/2019/06/13/image-1560437937-AppleRetailStore.jpg\" /></p>\r\n\r\n<p>&nbsp;</p>\r\n\r\n<p><img src=\"https://bs.serving-sys.com/serving/adServer.bs?cn=display&amp;c=19&amp;mc=imp&amp;pli=28484357&amp;PluID=0&amp;ord=64421256&amp;rtu=-1\" style=\"height:0px; width:0px\" /></p>\r\n\r\n<p>L&iacute; do đưa ra cho việc &quot;xuống dốc&quot; n&agrave;y của Apple ch&iacute;nh l&agrave; thị trường di động đang dần chững lại. Người d&ugrave;ng họ giữ thiết bị cũ để sử dụng hơn l&agrave; n&acirc;ng cấp thiết bị mới. B&ecirc;n cạnh đ&oacute;, mức gi&aacute; cạnh tranh c&ugrave;ng c&aacute;c c&ocirc;ng nghệ mới li&ecirc;n tiếp được tung ra từ c&aacute;c nh&agrave; sản xuất di động kh&aacute;c khiến cho Apple gặp phải nhiều th&aacute;ch thức lớn.</p>\r\n\r\n<p>Tuy nhi&ecirc;n, bạn cũng đừng qu&aacute; lo lắng cho doanh thu của Apple. Bởi v&igrave; gi&aacute; b&aacute;n trung b&igrave;nh của những chiếc iPhone tăng so với những năm trước (mặc d&ugrave; số lượng iPhone b&aacute;n ra k&eacute;m hơn) đ&atilde; gi&uacute;p h&atilde;ng kh&ocirc;ng phải chịu nhiều thiệt hại lớn về mặt doanh thu. Apple cũng đ&atilde; tung ra rất nhiều chi&ecirc;u tr&ograve; kinh doanh như khuyến m&atilde;i v&agrave; giảm gi&aacute; để gi&uacute;p cho Apple vẫn c&oacute; thể trụ vững tại c&aacute;c thị trường trọng điểm n&agrave;y.</p>\r\n\r\n<p>Kh&ocirc;ng chỉ Apple, IDC cũng tiết lộ smartphone Samsung cũng sụt giảm 6,8%. Thế nhưng, Huawei lại l&agrave; nh&agrave; sản xuất lọt v&agrave;o mắt xanh của kh&ocirc;ng &iacute;t người d&ugrave;ng tại thị trường Ch&acirc;u &Acirc;u, với số lượng smartphone xuất xưởng tăng đến 66,1% (khoảng 13,5 triệu chiếc).&nbsp;</p>\r\n\r\n<p>Hy vọng với những cải tiến lớn tr&ecirc;n iPhone mới về camera, hiệu năng, thiết kế sẽ gi&uacute;p cho Apple chiếm lại được vị thế như ban đầu.</p>\r\n\r\n<p><ins><ins>TIN LI&Ecirc;N QUAN</ins></ins></p>\r\n\r\n<p><ins><ins><a href=\"https://widgets.mgid.com/?utm_source=www.techz.vn&amp;utm_medium=referral&amp;utm_campaign=widgets&amp;utm_content=186964\" rel=\"nofollow noopener\" target=\"_blank\"><img alt=\"Mgid\" data-observing=\"no\" src=\"https://cdn.mgid.com/images/by_mgid_adc_logo_mini.svg\" style=\"height:236px; width:700px\" title=\"Mgid\" /></a></ins></ins></p>\r\n', '/public/image/dt7.jpg', '2019-06-20', 1, 2, 3, 0, 0, '', 1),
(18, 'Nếu thấy 7 dấu hiệu này, bạn nên đi mua ngay điện thoại Android mới', 'Khi bạn mua một chiếc smartphone Android mới, bạn kỳ vọng nó sẽ sử dụng được lâu dài – hiển nhiên, một chiếc điện thoại chất lượng tốt hẳn phải hữu dụng trong ít nhất nhiều năm trờ', '<p>Khi bạn mua một chiếc smartphone Android mới, bạn kỳ vọng n&oacute; sẽ sử dụng được l&acirc;u d&agrave;i &ndash; hiển nhi&ecirc;n, một chiếc điện thoại chất lượng tốt hẳn phải hữu dụng trong &iacute;t nhất nhiều năm trời. Thế nhưng c&agrave;ng d&ugrave;ng l&acirc;u, bạn bắt đầu để &yacute; thấy ch&uacute; robot xanh dần mất đi sự h&agrave;o nho&aacute;ng ban đầu, d&ugrave; cho bạn bảo quản n&oacute; kĩ đến mức n&agrave;o đi nữa.</p>\r\n\r\n<p>B&Agrave;I VIẾT LI&Ecirc;N QUAN</p>\r\n\r\n<ul>\r\n	<li><a href=\"http://www.techz.vn/nokia-3-chinh-thuc-duoc-cap-nhat-android-9-pie-ylt74705.html\">Nokia 3 ch&iacute;nh thức được cập nhật Android 9 Pie</a></li>\r\n	<li><a href=\"http://www.techz.vn/nokia-22-ra-mat-man-hinh-giot-nuoc-android-one-pin-3000mah-gia-chi-23-trieu-dong-ylt74736.html\">Nokia 2.2 ra mắt, m&agrave;n h&igrave;nh giọt nước, Android One, pin 3.000mAh, gi&aacute; chỉ 2.3 triệu đồng</a></li>\r\n	<li><a href=\"http://www.techz.vn/he-dieu-hanh-ark-os-cua-huawei-lo-dien-lan-dau-co-the-tuong-thich-voi-cac-ung-dung-android-ylt74746.html\">Hệ điều h&agrave;nh Ark OS của Huawei lộ diện lần đầu, c&oacute; thể tương th&iacute;ch với c&aacute;c ứng dụng Android</a></li>\r\n</ul>\r\n\r\n<p><img alt=\"\" src=\"https://media.techz.vn/upload/2019/06/13/image-1560398422-1.jpg\" style=\"height:467px; width:700px\" /></p>\r\n\r\n<p>Khi thiết bị của bạn chạy chậm, hỏng h&oacute;c, hay bắt đầu c&oacute; dấu hiệu &igrave; ạch, thay thế l&agrave; điều kh&ocirc;ng thể tr&aacute;nh khỏi. Dưới đ&acirc;y l&agrave; những dấu hiệu lớn cho thấy đ&atilde; đến l&uacute;c n&acirc;ng cấp chiếc điện thoại Android của bạn l&ecirc;n một thiết bị mới tốt hơn, theo tổng hợp của trang Makeuseof.</p>\r\n\r\n<h3>1. PIN TỤT QU&Aacute; NHANH</h3>\r\n\r\n<p><img alt=\"\" src=\"https://media.techz.vn/upload/2019/06/13/image-1560398423-2.jpg\" style=\"height:522px; width:700px\" /></p>\r\n\r\n<p>Nếu bạn l&agrave; một con nghiện smartphone, c&oacute; lẽ bạn từng rơi v&agrave;o cảnh pin điện thoại tụt xuống dưới vạch đỏ. C&oacute; kh&aacute; nhiều c&aacute;ch để tăng thời lượng pin tr&ecirc;n Android, nhưng nếu bạn để &yacute; thấy pin chiếc điện thoại của m&igrave;nh kh&ocirc;ng c&ograve;n &quot;tr&acirc;u b&ograve;&quot; như xưa nữa, c&oacute; lẽ mọi thứ đ&atilde; hơi qu&aacute; muộn.</p>\r\n\r\n<p>L&yacute; do của việc n&agrave;y đơn thuần chỉ l&agrave; hiệu ứng h&oacute;a học m&agrave; th&ocirc;i. Qua thời gian, c&aacute;c th&agrave;nh phần h&oacute;a học trong pin bắt đầu xuống cấp, c&oacute; nghĩa ch&uacute;ng sẽ lưu được ng&agrave;y c&agrave;ng &iacute;t điện năng hơn. Sau v&agrave;i trăm chu kỳ sạc (khoảng 1 hoặc 2 năm), pin sẽ mất đi khoảng 1/5 hoặc hơn khả năng lưu điện.</p>\r\n\r\n<p>Đ&oacute; l&agrave; l&yacute; do tại sao bạn n&ecirc;n tr&aacute;nh sạc pin xuy&ecirc;n đ&ecirc;m để hạn chế số lần sạc kh&ocirc;ng cần thiết.</p>\r\n\r\n<p>Nếu pin kh&ocirc;ng c&ograve;n khả năng lưu điện như trước nữa, nhưng bạn vẫn sử dụng thiết bị như &quot;chưa hề c&oacute; cuộc chia ly&quot;, bạn sẽ ngay lập tức để &yacute; thấy vấn đề. Thay v&igrave; suốt ng&agrave;y đi t&igrave;m ổ điện, những con nghiện smartphone n&ecirc;n suy nghĩ về việc l&ecirc;n đời điện thoại c&oacute; pin &quot;khủng&quot; hơn. Pin mới lu&ocirc;n bền bỉ hơn, đ&oacute; l&agrave; sự thật kh&ocirc;ng thể chối c&atilde;i.</p>\r\n\r\n<h3>2. TỐC ĐỘ XỬ L&Yacute; QU&Aacute; CHẬM CHẬP</h3>\r\n\r\n<p><img alt=\"\" src=\"https://media.techz.vn/upload/2019/06/13/image-1560398423-3.jpg\" style=\"height:522px; width:700px\" /></p>\r\n\r\n<p>Sử dụng một chiếc điện thoại hay tablet đủ l&acirc;u, bạn sẽ bắt đầu c&oacute; cảm gi&aacute;c m&aacute;y &igrave; ạch. Chẳng ai muốn ngồi đợi chiếc smartphone của m&igrave;nh xử l&yacute; một t&aacute;c vụ n&agrave;o đ&oacute; một c&aacute;ch qu&aacute; chậm chạp cả. Mở ứng dụng c&oacute; thể mất đến cả ph&uacute;t, v&agrave; thao t&aacute;c chạm của bạn cũng c&oacute; cảm gi&aacute;c bị &quot;lag&quot;.</p>\r\n\r\n<p>C&oacute; nhiều l&yacute; do tại sao điện thoại lại chậm dần đi, v&agrave; trong nhiều trường hợp, tuổi đời của chiếc smartphone đ&oacute;ng vai tr&ograve; kh&ocirc;ng nhỏ. N&acirc;ng cấp Android l&ecirc;n phi&ecirc;n bản cao hơn (nếu bạn may mắn nhận được cập nhật) c&oacute; thể &quot;lợi bất cập hại&quot; v&igrave; hệ thống mới thường đ&ograve;i hỏi nhiều t&agrave;i nguy&ecirc;n hệ thống hơn, bao gồm cả RAM v&agrave; CPU. C&aacute;c ứng dụng mới cũng c&oacute; thể g&acirc;y ra c&aacute;c vấn đề tương tự, đặc biệt nếu ch&uacute;ng thuộc dạng &quot;ăn t&agrave;i nguy&ecirc;n&quot;. C&aacute;c game Android mới nhất hiện nay cũng kh&ocirc;ng phải ngoại lệ.</p>\r\n\r\n<p>Một vấn đề kh&aacute;c c&oacute; thể l&agrave; số lượng ứng dụng chạy nền qu&aacute; nhiều. C&agrave;ng nhiều ứng dụng ti&ecirc;u tốn t&agrave;i nguy&ecirc;n khi chạy nền, điện thoại c&agrave;ng chậm đi. Bạn c&oacute; thể giải quyết vấn đề bằng c&aacute;ch đ&oacute;ng bớt c&aacute;c ứng dụng thường xuy&ecirc;n hơn, nhưng tất nhi&ecirc;n đ&oacute; l&agrave; trong trường hợp c&aacute;c ứng dụng đang chạy nền đ&oacute; kh&ocirc;ng mấy hữu dụng với bạn.</p>\r\n\r\n<p>Thay thế điện thoại sẽ gi&uacute;p bạn c&oacute; th&ecirc;m nhiều t&agrave;i nguy&ecirc;n để phần mềm điện thoại c&oacute; thể chạy mượt m&agrave;, d&ugrave; đ&oacute; l&agrave; bản th&acirc;n hệ điều h&agrave;nh Android hay c&aacute;c ứng dụng bạn đ&atilde; c&agrave;i đặt.</p>\r\n\r\n<h3>3. HỆ THỐNG KH&Ocirc;NG ĐƯỢC CẬP NHẬT, HOẶC BẢN CẬP NHẬT Đ&Atilde; LỖI THỜI</h3>\r\n\r\n<p><img alt=\"\" src=\"https://media.techz.vn/upload/2019/06/13/image-1560398423-4.jpg\" style=\"height:522px; width:700px\" /></p>\r\n\r\n<p>Mỗi năm, v&agrave;o th&aacute;ng 9, Google lại tung ra một phi&ecirc;n bản Android mới. Từ Cupcake đến Pie, hệ điều h&agrave;nh Android ng&agrave;y c&agrave;ng được t&iacute;ch hợp th&ecirc;m v&ocirc; v&agrave;n c&aacute;c t&iacute;nh năng mới. V&agrave; tất nhi&ecirc;n, c&aacute;i gi&aacute; phải trả l&agrave; nhu cầu về t&agrave;i nguy&ecirc;n của n&oacute; cũng tăng cao.</p>\r\n\r\n<p>Tuy nhi&ecirc;n, chiếc smartphone của bạn sẽ kh&ocirc;ng nhận được cập nhật m&atilde;i m&atilde;i. Nếu bạn mua một chiếc smartphone cao cấp như d&ograve;ng Samsung Galaxy chẳng hạn, bạn c&oacute; thể nhận được một (hoặc đ&ocirc;i l&uacute;c l&agrave; hai) lần cập nhật l&ecirc;n phi&ecirc;n bản Android mới. V&agrave; kh&ocirc;ng phải nh&agrave; sản xuất n&agrave;o cũng &quot;c&oacute; t&acirc;m&quot;, c&oacute; nghĩa l&agrave; trong trường hợp k&eacute;m may mắn, chiếc điện thoại của bạn sẽ&hellip; hết đ&aacute;t ngay khi bạn vừa sắm n&oacute; xong.</p>\r\n\r\n<p>C&ograve;n bảo mật th&igrave; sao? Một khi điện thoại đ&atilde; hết đ&aacute;t, nh&agrave; sản xuất cũng sẽ sớm ngừng tung ra c&aacute;c bản cập nhật bảo mật cho n&oacute; m&agrave; th&ocirc;i.</p>\r\n\r\n<p>Nếu bạn lo lắng khi phải sở hữu một chiếc điện thoại lỗi thời, v&agrave; bạn kh&ocirc;ng c&ograve;n nhận được c&aacute;c bản cập nhật nữa, c&aacute;ch tốt nhất l&agrave; thay thế điện thoại mới.</p>\r\n\r\n<h3>4. KH&Ocirc;NG CHẠY ĐƯỢC C&Aacute;C ỨNG DỤNG MỚI</h3>\r\n\r\n<p><img alt=\"\" src=\"https://media.techz.vn/upload/2019/06/13/image-1560398424-5.jpg\" style=\"height:522px; width:700px\" /></p>\r\n\r\n<p>Ng&agrave;y m&agrave; thực tại ảo trở n&ecirc;n phổ biến vẫn c&ograve;n kh&aacute; xa, nhưng đ&atilde; xuất hiện một v&agrave;i ứng dụng VR tương đối hấp dẫn cho Android. Kh&ocirc;ng may l&agrave;, c&aacute;c loại ứng dụng mới như VR &ndash; vốn đ&ograve;i hỏi t&agrave;i nguy&ecirc;n kh&aacute; nhiều &ndash; c&oacute; thể kh&ocirc;ng hoạt động hiệu quả tr&ecirc;n c&aacute;c điện thoại đời cũ.</p>\r\n\r\n<p>Vấn đề tương tự cũng xảy ra đối với c&aacute;c game tr&ecirc;n Android. Gameplay c&agrave;ng hấp dẫn, lượng RAM cần đến c&agrave;ng nhiều, sức mạnh xử l&yacute; đồ họa của điện thoại cũng cần phải mạnh hơn. Nếu điện thoại của bạn đ&atilde; cũ, việc chơi game c&oacute; thể sẽ l&agrave; một cực h&igrave;nh.</p>\r\n\r\n<p>C&aacute;ch tốt nhất để kiểm tra điều n&agrave;y l&agrave; c&agrave;i thử một v&agrave;i ứng dụng đ&ograve;i hỏi nhiều t&agrave;i nguy&ecirc;n, v&iacute; dụ như c&aacute;c ứng dụng VR hay c&aacute;c game 3D đồ họa khủng, v&agrave; quan s&aacute;t xem ch&uacute;ng chạy ra sao tr&ecirc;n điện thoại của bạn. Nếu mọi thứ kh&ocirc;ng như kỳ vọng, c&oacute; lẽ đ&atilde; đến l&uacute;c mua điện thoại mới.</p>\r\n\r\n<h3>5. ỨNG DỤNG CRASH THƯỜNG XUY&Ecirc;N</h3>\r\n\r\n<p><img alt=\"\" src=\"https://media.techz.vn/upload/2019/06/13/image-1560398424-6.jpg\" style=\"height:522px; width:700px\" /></p>\r\n\r\n<p>Điện thoại l&agrave; do con người tạo n&ecirc;n, do đ&oacute; ch&uacute;ng chắc chắn kh&ocirc;ng ho&agrave;n hảo, v&agrave; việc ứng dụng crash l&agrave; điều kh&ocirc;ng thể tr&aacute;nh khỏi. Tất nhi&ecirc;n, nguy&ecirc;n nh&acirc;n kh&ocirc;ng phải l&uacute;c n&agrave;o cũng xuất ph&aacute;t từ điện thoại của bạn &ndash; đ&ocirc;i l&uacute;c, lỗi thuộc về nh&agrave; ph&aacute;t triển đ&atilde; tạo ra ứng dụng qu&aacute; nhiều lỗi hoặc kh&acirc;u thiết kế qu&aacute; tệ. Một khả năng kh&aacute;c l&agrave; khả năng tương th&iacute;ch của điện thoại, bởi một số ứng dụng chỉ chạy được tr&ecirc;n c&aacute;c điện thoại đời mới nhất m&agrave; th&ocirc;i.</p>\r\n\r\n<p>Thế nhưng, nếu bạn để &yacute; thấy ứng dụng tr&ecirc;n điện thoại m&igrave;nh thường xuy&ecirc;n crash, đ&oacute; c&oacute; thể l&agrave; dấu hiệu cảnh b&aacute;o một vấn đề nghi&ecirc;m trọng hơn với điện thoại của bạn. Ứng dụng c&oacute; thể crash v&igrave; ch&uacute;ng đ&ograve;i hỏi qu&aacute; nhiều t&agrave;i nguy&ecirc;n, như RAM v&agrave; CPU. Nếu t&agrave;i nguy&ecirc;n kh&ocirc;ng đủ, ứng dụng sẽ crash.</p>\r\n\r\n<p>Bạn cũng c&oacute; thể gặp t&igrave;nh trạng crash khi bộ nhớ lưu trữ tr&ecirc;n thiết bị đ&atilde; cạn, đặc biệt đối với c&aacute;c ứng dụng thường xuy&ecirc;n lưu hoặc truy xuất bộ nhớ trong. C&aacute;c điện thoại đời mới thường được trang bị bộ nhớ lưu trữ kh&aacute; cao nhằm giải quyết t&igrave;nh trạng n&agrave;y.</p>\r\n\r\n<h3>6. CAMERA CHẤT LƯỢNG K&Eacute;M</h3>\r\n\r\n<p><img alt=\"\" src=\"https://media.techz.vn/upload/2019/06/13/image-1560398424-7.jpg\" style=\"height:350px; width:700px\" /></p>\r\n\r\n<p>Trong thời đại selfie, sở hữu một chiếc smartphone với camera chất lượng cao l&agrave; điều quan trọng, d&ugrave; bạn chỉ l&agrave; người d&ugrave;ng th&ocirc;ng thường muốn lưu giữ những khoảnh khắc đẹp trong cuộc sống. Trừ khi bạn l&agrave; d&acirc;n chuy&ecirc;n nghiệp hoặc c&oacute; sở th&iacute;ch đặc biệt với m&aacute;y ảnh, hầu hết mọi người sẽ d&ugrave;ng điện thoại để chụp ảnh&hellip; cho tiện. V&agrave; trong khi những chiếc điện thoại mới cho ra những bức ảnh rất ấn tượng, chiếc điện thoại lỗi thời bạn đang x&agrave;i sẽ chỉ khiến bạn bẽ mặt m&agrave; th&ocirc;i.</p>\r\n\r\n<p>Bạn chẳng thể l&agrave;m g&igrave; nhiều để cải thiện ảnh chụp, nếu bản th&acirc;n camera của điện thoại thuộc dạng &quot;c&ugrave;i bắp&quot;. C&aacute;c ứng dụng chỉnh sửa ảnh c&oacute; thể gi&uacute;p tối ưu h&oacute;a ảnh, nhưng ch&uacute;ng kh&ocirc;ng thể cải thiện độ ph&acirc;n giải. Điều n&agrave;y thể hiện r&otilde; nhất tr&ecirc;n camera trước, vốn thường c&oacute; chất lượng k&eacute;m hơn so với camera sau.</p>\r\n\r\n<p>Giải ph&aacute;p duy nhất l&uacute;c n&agrave;y &ndash; nếu nhiếp ảnh quan trọng với bạn &ndash; l&agrave; t&igrave;m một chiếc điện thoại mới. ĐIện thoại mới sẽ c&oacute; camera tốt hơn, cả trước lẫn sau, d&ugrave; điều n&agrave;y c&ograve;n t&ugrave;y thuộc v&agrave;o lựa chọn của bạn nữa.</p>\r\n\r\n<h3>7. ĐIỆN THOẠI BỊ HỎNG, HOẶC VỠ N&Aacute;T</h3>\r\n\r\n<p><img alt=\"\" src=\"https://media.techz.vn/upload/2019/06/13/image-1560398425-8.jpg\" style=\"height:522px; width:700px\" /></p>\r\n\r\n<p>Kh&ocirc;ng c&oacute; g&igrave; l&agrave; trường tồn. Nếu chiếc điện thoại của bạn đ&atilde; hư hại &ndash; d&ugrave; l&agrave; vỡ m&agrave;n h&igrave;nh, rơi n&uacute;t bấm, hay nứt khung vỏ - thời khắc n&oacute; ra đi c&oacute; lẽ kh&ocirc;ng c&ograve;n xa nữa.</p>\r\n\r\n<p>Hao m&ograve;n v&igrave; nguy&ecirc;n nh&acirc;n tự nhi&ecirc;n cũng c&oacute; vai tr&ograve; nhất định. C&oacute; thể bạn c&oacute; th&oacute;i quen lướt Facebook khi đi dưới mưa, hay ấn ng&oacute;n tay qu&aacute; mạnh l&ecirc;n c&aacute;c n&uacute;t bấm của m&aacute;y. Hoặc đ&ocirc;i l&uacute;c, linh kiện b&ecirc;n trong, như bộ nhớ lưu trữ chẳng hạn, hỏng m&agrave; chẳng cần l&yacute; do r&otilde; r&agrave;ng n&agrave;o.</p>\r\n\r\n<p>Hư hại, d&ugrave; diễn ra trong thời gian d&agrave;i hay đột ngột, cũng sẽ khiến chiếc điện thoại của bạn kh&ocirc;ng hoạt động hiệu quả nữa. Bạn c&oacute; thể chấp nhận &quot;sống chung với lũ&quot;, nhưng rốt cuộc kh&ocirc;ng sớm th&igrave; muộn, việc n&acirc;ng cấp m&aacute;y l&agrave; điều kh&ocirc;ng thể tr&aacute;nh khỏi.</p>\r\n\r\n<p>Kh&ocirc;ng c&oacute; chiếc smartphone n&agrave;o tồn tại m&atilde;i m&atilde;i</p>\r\n\r\n<p>D&ugrave; v&igrave; l&yacute; do g&igrave; th&igrave; kh&ocirc;ng c&oacute; chiếc smartphone n&agrave;o tồn tại m&atilde;i m&atilde;i. Một số linh kiện, như pin, c&oacute; qu&atilde;ng đời hạn chế. C&aacute;c linh kiện kh&aacute;c, như CPU v&agrave; camera, sẽ trở n&ecirc;n lỗi thời khi so s&aacute;nh với c&aacute;c điện thoại mới hơn.</p>\r\n\r\n<p>Tất nhi&ecirc;n, kh&ocirc;ng phải ai cũng c&oacute; cơ hội n&acirc;ng cấp smartphone theo &yacute; muốn. Nếu bạn chưa sẵn s&agrave;ng l&agrave;m việc đ&oacute;, h&atilde;y thử qua một v&agrave;i thủ thuật tr&ecirc;n mạng Internet để tạm thời k&eacute;o d&agrave;i thời gian sử dụng thiết bị nh&eacute;.</p>\r\n', '/public/image/dt9.jpg', '2019-06-20', 1, 2, 0, 0, 0, '', 1),
(19, 'Pin iPhone XR 2019 đã \"khoẻ\" nay còn \"khoẻ\" hơn với dung lượng cao hơn', 'Đây có lẽ là tin vui với những tín đồ của Táo Khuyết', '<p>Những ai đang mong chờ iPhone XR 2019 với nhiều n&acirc;ng cấp lớn th&igrave; th&ocirc;ng tin n&agrave;y chắc hẳn sẽ l&agrave;m &quot;ấm l&ograve;ng&quot; người h&acirc;m mộ. iPhone XR 2019 kh&ocirc;ng chỉ trang bị camera k&eacute;p mặt sau hỗ trợ chụp ảnh ch&acirc;n dung xo&aacute; ph&ocirc;ng (iPhone XR hiện tại chỉ c&oacute; 1 camera duy nhất), m&agrave; dung lượng pin của sản phẩm n&agrave;y cũng lớn hơn so với người tiền nhiệm.</p>\r\n\r\n<p><img alt=\"\" src=\"https://media.techz.vn/upload/2019/06/13/image-1560384869-iphone11r-conceptmock1.jpg\" style=\"height:394px; width:700px\" /></p>\r\n\r\n<p><img src=\"https://bs.serving-sys.com/serving/adServer.bs?cn=display&amp;c=19&amp;mc=imp&amp;pli=28484357&amp;PluID=0&amp;ord=64421256&amp;rtu=-1\" style=\"height:0px; width:0px\" /></p>\r\n\r\n<p>Theo b&aacute;o c&aacute;o mới đ&acirc;y từ H&agrave;n Quốc, iPhone XR 2019 sẽ c&oacute; tăng dung lượng pin 3.110mAh so với 2.942mAh như phi&ecirc;n bản hiện tại. C&ocirc;ng ty Ameperx Technology Limited cũng đ&atilde; bắt đầu v&agrave;o giao đoạn sản xuất pin cho mẫu iPhone mới của Apple. Như bạn đ&atilde; biết, iPhone XR sở hữu thời lượng pin xuất sắc nhất trong tất cả c&aacute;c d&ograve;ng m&aacute;y hiện tại, việc tăng th&ecirc;m cho iPhone XR 5% pin chắc chắn sẽ tiếp tục g&acirc;y được ấn tượng với đ&ocirc;ng đảo người d&ugrave;ng đang mong đợi sự trở lại của sản phẩm n&agrave;y.</p>\r\n\r\n<p>Về thiết kế, iPhone XR sở hữu vẻ ngo&agrave;i kh&aacute; giống với phi&ecirc;n bản đương nhiệm. Nhưng hệ thống camera được l&agrave;m &quot;ho&agrave;nh tr&aacute;ng&quot; hơn, lồi l&ecirc;n sẽ với bề mặt sau của m&aacute;y. B&ecirc;n cạnh đ&oacute;, XR c&ograve;n c&oacute; th&ecirc;m 2 m&agrave;u sắc mới l&agrave; xanh l&aacute; c&acirc;y v&agrave; m&agrave;u t&iacute;m.</p>\r\n', '/public/image/dt10.jpg', '2019-06-20', 1, 2, 0, 0, 0, '', 1),
(20, 'Samsung đang phát triển smartphone màn hình cuộn, một sản phẩm siêu \"lạ\" và \"độc\"', 'Bằng sáng chế màn hình có khả năng cuộn được và mở rộng diện tích đến 60% chắc chắn sẽ khiến cho không ít người dùng tỏ ra thán phục.', '<p>Trong một bằng s&aacute;ng chế mới của Samsung vừa mới được ph&ecirc; duyệt v&agrave;o ng&agrave;y 6/6/2019 vừa qua. Chiếc smartphone của Samsung c&oacute; thể cuộn lại nhờ m&agrave;n h&igrave;nh dẻo v&agrave; mở rộng ra đến 60% nhờ hệ thống trượt cơ kh&iacute;. Điểm yếu lớn nhất của sản phẩm n&agrave;y ch&iacute;nh l&agrave; phần viền cạnh tr&ecirc;n v&agrave; dưới c&oacute; thiết kế kh&aacute; d&agrave;y.&nbsp;</p>\r\n\r\n<p><img alt=\"\" src=\"https://media.techz.vn/upload/2019/06/12/image-1560297887-photo-1-1560244602019495427476.png\" style=\"height:680px; width:700px\" /></p>\r\n\r\n<p><img src=\"https://bs.serving-sys.com/serving/adServer.bs?cn=display&amp;c=19&amp;mc=imp&amp;pli=28484357&amp;PluID=0&amp;ord=64421256&amp;rtu=-1\" style=\"height:0px; width:0px\" /></p>\r\n\r\n<p>Với hệ thống trượt cơ kh&iacute; th&ocirc;ng minh, chiếc smartphone n&agrave;y c&oacute; thể mở rộng kh&ocirc;ng gian hiển thị ra đến 60%. Người d&ugrave;ng sử dụng c&aacute;c ph&iacute;m bấm điều hướng b&ecirc;n cạnh sườn m&aacute;y để điều khiển cơ chế trượt n&agrave;y, hoặc c&oacute; thể d&ugrave;ng lực bằng tay để k&eacute;o m&agrave;n h&igrave;nh ra m&agrave; kh&ocirc;ng l&agrave;m ảnh hưởng đến độ bền của m&aacute;y.&nbsp;</p>\r\n\r\n<p>Như h&igrave;nh ảnh của bằng s&aacute;ng chế, ch&uacute;ng ta c&oacute; c&aacute;c cảm biến đặt ph&iacute;a trước m&agrave;n h&igrave;nh, hệ thống loa, camera trước, c&aacute;c ph&iacute;m điều hướng được đặt ở cạnh b&ecirc;n. Song, bằng s&aacute;ng chế thiết kế n&agrave;y kh&ocirc;ng tiết lộ c&aacute;c cảm biến camera ch&iacute;nh ở mặt sau.&nbsp;</p>\r\n\r\n<p>Đ&acirc;y chắc chắn l&agrave; một &yacute; tưởng v&ocirc; c&ugrave;ng th&uacute; vị v&agrave; c&oacute; khả năng trở th&agrave;nh hiện thực trong tương lai kh&ocirc;ng xa. Nhưng liệu mức độ &quot;phi thường&quot; của m&agrave;n h&igrave;nh dẻo tr&ecirc;n chiếc smartphone b&iacute; ẩn tr&ecirc;n c&oacute; thực sự thu h&uacute;t được đ&ocirc;ng đảo người d&ugrave;ng kh&ocirc;ng lại l&agrave; một chuyện kh&aacute;c. Trước đ&acirc;y, Samsung cũng đ&atilde; đăng k&yacute; rất nhiều bằng s&aacute;ng chế th&uacute; vị về khả năng cuộn m&agrave;n h&igrave;nh, nhưng rất tiếc, n&oacute; đ&atilde; kh&ocirc;ng được Samsung thương mại ho&aacute; sản phẩm ra thị trường.</p>\r\n', '/public/image/dt11.png', '2019-06-20', 1, 2, 0, 0, 0, '', 1),
(21, 'Vượt khỏi chuẩn chung di động, Sony chuẩn bị ra mắt smartphone 8 camera', 'Sony sẽ sớm ra mắt smartphone sở hữu đến 8 camera trong thời gian tới.', '<p>Với hệ thống camera tối t&acirc;n, Sony sẽ l&agrave; đối thủ cạnh tranh trực tiếp với chiếc Nokia 9 PureView hiện đang l&agrave; &quot;&ocirc;ng vua&quot; về số lượng ống k&iacute;nh di động.&nbsp;</p>\r\n\r\n<p><img alt=\"\" src=\"https://media.techz.vn/upload/2019/06/12/image-1560296810-light-camera-phone-720x720.jpg\" style=\"height:467px; width:700px\" /></p>\r\n\r\n<p>Cụ thể hơn, Sony sẽ tung ra smartphone với 6 camera sau v&agrave; 2 camera trước. Hệ thống 6 camera n&agrave;y bao gồm 1 cảm biến ch&iacute;nh v&agrave; 1 cảm biến tele hỗ trợ chụp ảnh ch&acirc;n dung, cảm biến g&oacute;c rộng, cảm biến g&oacute;c si&ecirc;u rộng, cảm biến đơn sắc. Rất c&oacute; khả năng cảm biến thứ 6 ch&iacute;nh l&agrave; 3D ToF nhằm mang đến nhiều hiệu ứng độc đ&aacute;o tr&ecirc;n hệ thống camera mới của Sony.</p>\r\n\r\n<p>Với camera trước, Sony sẽ trang bị 2 cảm biến, bao gồm 1 cảm biến ch&iacute;nh v&agrave; một cảm biến chụp ảnh g&oacute;c rộng, gi&uacute;p việc chụp ảnh selfie được thuận tiện hơn với nhiều người.&nbsp;</p>\r\n\r\n<p>Ngo&agrave;i những r&ograve; rỉ về chức năng của c&aacute;c cảm biến, c&aacute;c kh&aacute;c th&ocirc;ng tin chi tiết về độ ph&acirc;n giải, c&aacute;c t&iacute;nh năng về hệ thống 6 camera mặt sau v&agrave; 2 camera mặt trước vẫn chưa được tiết lộ.&nbsp;</p>\r\n\r\n<p>Chiếc smartphone 8 camera đầy b&iacute; ẩn n&agrave;y của Sony dự kiến sẽ ra mắt v&agrave;o cuối 2019 hoặc đầu 2020, bộ nhớ RAM từ 8GB v&agrave; bộ nhớ trong 128GB</p>\r\n', '/public/image/dt12.jpg', '2019-06-20', 1, 2, 0, 0, 0, '', 1),
(22, 'Huawei ra mắt Y9 Prime 2019: Thay đổi hoàn toàn, vẫn được Google hỗ trợ lâu dài', 'Huawei sẽ tiếp tục mang đến những sản phẩm mới, bất chấp những gì đang trải qua với lời hứa đảm bảo một trải nghiệm tốt nhất dành cho người dùng. Ngày hôm qua, Huawei đã giới thiệu', '<p>Với sự ra mắt của Y9 Prime, Huawei mong muốn đem đến một sản phẩm c&oacute; mức gi&aacute; phải chăng nhưng được t&iacute;ch hợp c&aacute;c c&ocirc;ng nghệ ti&ecirc;n tiến, thiết kế ấn tượng. C&oacute; thể n&oacute;i, Y9 Prime l&agrave; một l&agrave;n gi&oacute; mới d&agrave;nh cho ph&acirc;n kh&uacute;c smartphone phổ th&ocirc;ng.</p>\r\n\r\n<p><img alt=\"\" src=\"https://media.techz.vn/upload/2019/06/11/image-1560238264-Y9%20Prime%202019%20ho%E1%BA%A1t%20%C4%91%E1%BB%99ng%20tr%C3%AAn%20n%E1%BB%81n%20t%E1%BA%A3ng%20Android%20m%E1%BB%9Bi%20nh%E1%BA%A5t.png\" /></p>\r\n\r\n<p><img src=\"https://bs.serving-sys.com/serving/adServer.bs?cn=display&amp;c=19&amp;mc=imp&amp;pli=28484357&amp;PluID=0&amp;ord=64421256&amp;rtu=-1\" style=\"height:0px; width:0px\" /></p>\r\n\r\n<p>&nbsp;</p>\r\n\r\n<p>Huawei cũng cam kết chiếc Y9 Prime được hỗ trợ sử dụng tr&ecirc;n nền tảng Android mới nhất c&ugrave;ng hệ điều h&agrave;nh EMUI 9 c&ugrave;ng c&aacute;c dịch vụ của Google như Gmail, Youtube, CH Play v&agrave; c&aacute;c ứng dụng của b&ecirc;n thứ ba. Huawei Y9 Prime 2019 sở hữu m&agrave;n h&igrave;nh tr&agrave;n vi&ecirc;n đ&iacute;ch thực v&agrave; trở th&agrave;nh smartphone duy nhất ở ph&acirc;n kh&uacute;c phổ th&ocirc;ng kh&ocirc;ng sử dụng thiết kế tai thỏ hay bất kỳ một khiếm khuyết n&agrave;o kh&aacute;c. Tỉ lệ m&agrave;n h&igrave;nh hiển thị chiếm tới 91% diện t&iacute;ch mặt trước. Để l&agrave;m được điều n&agrave;y, Huawei đ&atilde; đưa hệ thống loa ngo&agrave;i được chuyển l&ecirc;n s&aacute;t cạnh tr&ecirc;n v&agrave; c&aacute;c cảm biến trợ năng được đặt ở ph&iacute;a dưới m&agrave;n h&igrave;nh.</p>\r\n\r\n<p><img alt=\"\" src=\"https://media.techz.vn/upload/2019/06/11/image-1560238264-Huawei%20Y9%20Prime%202019.jpg\" style=\"height:990px; width:700px\" /></p>\r\n\r\n<p>M&agrave;n h&igrave;nh của Y9 Prime c&oacute; k&iacute;ch thước 6.59 inches, tấm nền LTPS, tỉ lệ khung h&igrave;nh đạt 19,5:9 đi k&egrave;m cấu h&igrave;nh bao gồm vi xử l&yacute; Kirin 710F hiệu năng cao hơn so với Kirin 710, RAM 4GB v&agrave; bộ nhớ trong t&ugrave;y chọn 64GB v&agrave; 128GB. Huawei khẳng định m&agrave;n h&igrave;nh n&agrave;y c&oacute; khả năng lọc &aacute;nh s&aacute;ng xanh c&oacute; hại cho mắt v&agrave; điều chỉnh độ s&aacute;ng cũng như nhiệt độ m&agrave;u, đ&atilde; vượt qua c&aacute;c ti&ecirc;u chuẩn của T&Uuml;V Rheinland về mức &aacute;nh s&aacute;ng xanh thấp v&agrave; độ an to&agrave;n quang sinh học.</p>\r\n\r\n<p><img alt=\"\" src=\"https://media.techz.vn/upload/2019/06/11/image-1560238263-HUAWEI%20Y9%20Prime%202019%20%C4%91%C6%B0%E1%BB%A3c%20trang%20b%E1%BB%8B%20camera%20b%E1%BA%ADt%20th%E1%BB%9Di%20th%C6%B0%E1%BB%A3ng%20v%C3%A0%20m%C3%A0n%20h%C3%ACnh%20si%C3%AAu%20tr%C3%A0n.jpg\" style=\"height:350px; width:700px\" /></p>\r\n\r\n<p>Huawei Y9 Prime 2019 sử dụng camera selfie dạng pop-up với cơ chế bảo vệ cao cấp, tự động đ&oacute;ng v&agrave;o khi ph&aacute;t hiện điện thoại rơi, c&oacute; thể trượt l&ecirc;n xuống 100.000 lần tương đương với khả năng xử dụng gần 3 năm. Camera n&agrave;y sở hữu độ ph&acirc;n giải 16MP v&agrave; một chu kỳ pop-up l&ecirc;n xuống rơi v&agrave;o khoảng 1 gi&acirc;y. Ngo&agrave;i ra, m&aacute;y cũng được trang bị bộ 3 cảm biến ph&iacute;a sau bao gồm camera ch&iacute;nh 16MP, khẩu độ f/1.8, camera g&oacute;c si&ecirc;u rộng 8MP v&agrave; camera 2MP phục vụ cho việc thu lại độ s&acirc;u trường ảnh trong chụp ch&acirc;n dung. Cả camera trước v&agrave; sau đều c&oacute; c&aacute;c chế độ AI l&agrave;m đẹp, tự c&aacute; nh&acirc;n h&oacute;a h&igrave;nh ảnh để ph&ugrave; hợp với từng độ tuổi, giới t&iacute;nh v&agrave; m&agrave;u da, tự l&agrave;m mịn da, điều chỉnh t&ocirc;ng m&agrave;u da, x&oacute;a mụn hay c&aacute;c nếp nhăn v&agrave; hỗ trợ hiệu ứng &aacute;nh s&aacute;ng c&ugrave;ng nhiều t&iacute;nh năng kh&aacute;c.</p>\r\n\r\n<p>C&aacute;c chi tiết kh&aacute;c của m&aacute;y bao gồm vi&ecirc;n pin 4000mAh v&agrave; đặc biệt hơn l&agrave; cổng USB Type-C hỗ trợ sạc nhanh. Gi&aacute; b&aacute;n của sản phẩm n&agrave;y hiện chưa được tiết lộ.</p>\r\n', '/public/image/dt14.jpg', '2019-06-20', 1, 2, 0, 0, 0, '', 1);
INSERT INTO `post` (`id`, `title`, `short_content`, `content`, `image`, `date_post`, `id_category`, `id_author`, `views`, `hotNews`, `status`, `cause_not_approved`, `id_tag`) VALUES
(23, 'ĐI DU LỊCH HÈ, BẠN SẼ ƯỚC MÌNH CÓ GALAXY S10 VÌ TÍNH NĂNG NÀY', 'Chiếc Galaxy S10 bóng bẩy, sang trọng là thế, nhưng khi cần thì cũng hoàn toàn có thể biến mình thành một chiếc sạc dự phòng không dây cực tiện lợi', '<p>Bản th&acirc;n t&ocirc;i cũng từng nghi ngờ về t&iacute;nh hữu dụng của t&iacute;nh năng n&agrave;y (cũng bởi Samsung từng kh&ocirc;ng &iacute;t lần l&agrave;m những t&iacute;nh năng cao si&ecirc;u nhưng thừa th&atilde;i). Ấy vậy m&agrave; trong thời gian khoảng 3 th&aacute;ng sử dụng Galaxy S10 Plus, đ&atilde; c&oacute; kh&ocirc;ng dưới chục lần t&ocirc;i cần đến Galaxy S10 Plus l&agrave;m chiếc sạc dự ph&ograve;ng bất đắc dĩ cho m&igrave;nh.</p>\r\n\r\n<p>Nhắc lại một ch&uacute;t, chiếc Galaxy S10 Plus m&agrave; t&ocirc;i đang sử dụng c&oacute; pin 4.100mAh, được trang bị sạc nhanh 15W d&ugrave; l&agrave; sạc kh&ocirc;ng d&acirc;y hay c&oacute; d&acirc;y, v&agrave; c&oacute; thể sạc ngược cho thiết bị kh&aacute;c với c&ocirc;ng suất 9W. Những th&ocirc;ng số n&agrave;y đủ để cho thấy chiếc m&aacute;y ho&agrave;n to&agrave;n c&oacute; thể đ&aacute;p ứng nhu cầu sạc cho một thiết bị kh&aacute;c một c&aacute;ch dễ d&agrave;ng. Galaxy S10, S10e c&oacute; thể c&oacute; pin dung lượng thấp hơn, nhưng t&iacute;nh năng vẫn vậy.</p>\r\n\r\n<p><img alt=\"Đi du lịch hè, bạn sẽ ước mình có Galaxy S10 vì tính năng này \" src=\"https://media.techz.vn/upload/2019/06/05/image-1559709283-image-1551709690-galaxy-buds-techz-5056%20(1).jpg\" style=\"height:467px; width:700px\" title=\"Đi du lịch hè, bạn sẽ ước mình có Galaxy S10 vì tính năng này \" /></p>\r\n\r\n<p>&nbsp;</p>\r\n\r\n<p>Đ&oacute; l&agrave; trong chuyến đi Tr&agrave;ng An, khi t&ocirc;i ngồi vọc v&agrave; v&ocirc; t&igrave;nh k&iacute;ch hoạt t&iacute;nh năng &ldquo;lu&ocirc;n bật m&agrave;n h&igrave;nh&rdquo; của chiếc đồng hồ Galaxy Watch Active. Chiếc đồng hồ vốn c&oacute; thời lượng pin 2 ng&agrave;y nay hết pin ngay giữa chuyến đi, c&ograve;n t&ocirc;i th&igrave; vẫn đang l&ecirc;nh đ&ecirc;nh giữa s&ocirc;ng nước Tr&agrave;ng An v&agrave; lịch tr&igrave;nh th&igrave; c&ograve;n k&eacute;o d&agrave;i đến hết ng&agrave;y nữa. Thật may cho t&ocirc;i khi nhớ đến &ldquo;người h&ugrave;ng&rdquo; nằm ngay trong t&uacute;i quần. Mở ngay t&iacute;nh năng Power Share, đặt 2 thiết bị l&ecirc;n nhau v&agrave; d&agrave;nh 20 ph&uacute;t ngắm cảnh, vậy l&agrave; lại c&oacute; chiếc đồng hồ ngon l&agrave;nh, điện thoại c&oacute; giảm ch&uacute;t pin nhưng chẳng đ&aacute;ng l&agrave; bao. Đ&oacute; cũng l&agrave; t&igrave;nh huống đ&aacute;ng nhớ nhất khiến t&ocirc;i thay đổi c&aacute;i nh&igrave;n về t&iacute;nh năng n&agrave;y.</p>\r\n', '/public/image/dt14.jpg', '2019-06-20', 1, 2, 0, 0, 0, '', 1),
(24, 'Google Pixel 4 lần đầu lộ diện ảnh thực tế, 4 camera, viền màn hình dày', 'Hình ảnh thực tế của Google Pixel 4 đã chính thức lộ diện.', '<p>H&igrave;nh ảnh đầu ti&ecirc;n về chiếc Google Pixel 4 lần đầu xuất hiện tr&ecirc;n truyền th&ocirc;ng. M&aacute;y sở hữu 2 hệ thống camera sau v&agrave; 2 camera ph&iacute;a trước được đặt b&ecirc;n trong của m&agrave;n h&igrave;nh, tương tự như Galaxy S10+.&nbsp;</p>\r\n\r\n<p><img alt=\"\" src=\"https://media.techz.vn/upload/2019/06/11/image-1560211503-2.jpg\" /></p>\r\n\r\n<p>&nbsp;&nbsp;&nbsp;&nbsp;&nbsp;&nbsp;undefined</p>\r\n\r\n<p><img alt=\"\" src=\"https://media.techz.vn/upload/2019/06/11/image-1560211503-6.jpg\" style=\"height:298px; width:700px\" /></p>\r\n\r\n<p>H&igrave;nh ảnh r&ograve; rỉ ho&agrave;n to&agrave;n kh&ocirc;ng sắc n&eacute;t, song, ch&uacute;ng ta vẫn c&oacute; thể h&igrave;nh dung được thiết kế tổng thể của Pixel 4. Tuy sở hữu thiết kế đục lỗ, song m&aacute;y c&oacute; phần viền m&agrave;n h&igrave;nh kh&aacute; d&agrave;y.</p>\r\n\r\n<p><img alt=\"\" src=\"https://media.techz.vn/upload/2019/06/11/image-1560211503-1.jpg\" style=\"height:301px; width:700px\" /></p>\r\n\r\n<p><img alt=\"\" src=\"https://media.techz.vn/upload/2019/06/11/image-1560211504-3.jpg\" style=\"height:304px; width:700px\" /></p>\r\n\r\n<p>Mặt sau thừa kế từ c&aacute;c phi&ecirc;n bản tiền nhiệm với mặt k&iacute;nh kết hợp c&ugrave;ng kim loại đặc trưng. Với hệ thống 2 camera ph&iacute;a sau, vẫn kh&ocirc;ng r&otilde; camera thứ 2 sẽ hỗ trợ đo độ s&acirc;u trường ảnh với mục đ&iacute;ch chụp ảnh xo&aacute; ph&ocirc;ng, hay đ&acirc;y ch&iacute;nh l&agrave; camera g&oacute;c rộng nhằm bắt kịp xu thế hiện nay?</p>\r\n', '/public/image/dt15.jpg', '2019-06-20', 1, 2, 3, 0, 0, '', 1),
(25, 'Nhật Bản: Lái drone cũng bị thổi nồng độ cồn, phạt tới 1 năm tù nếu điều khiển drone lúc say', 'Dù là nhiếp ảnh gia đang sáng tác nghệ thuật bằng drone, bạn cũng sẽ không được phép say xỉn.', '<p>Ng&agrave;y nay, nhiếp ảnh hay l&agrave;m phim bằng m&aacute;y bay kh&ocirc;ng người l&aacute;i (drone) kh&ocirc;ng c&ograve;n qu&aacute; xa lạ. N&oacute; ph&aacute;t triển nhanh đến mức đ&atilde; bắt đầu xuất hiện những trường hợp drone g&acirc;y phiền phức, kh&oacute; chịu, hay thậm ch&iacute; l&agrave; tai nạn ảnh hưởng đến con người.</p>\r\n\r\n<p>Để tr&aacute;nh những hậu quả đ&aacute;ng tiếc, Quốc hội Nhật Bản mới đ&acirc;y đ&atilde; ban h&agrave;nh một luật nhằm kiểm so&aacute;t phương tiện ghi h&igrave;nh n&agrave;y, đặc biệt trong đ&oacute; l&agrave; điều luật về mức phạt đối với những trường hợp điều khiển drone khi say xỉn.</p>\r\n\r\n<p><img alt=\"\" src=\"https://media.techz.vn/upload/2019/06/18/image-1560837608-drunkdroningheaderfeat.jpg\" style=\"height:368px; width:700px\" /></p>\r\n\r\n<p><img src=\"https://bs.serving-sys.com/serving/adServer.bs?cn=display&amp;c=19&amp;mc=imp&amp;pli=28484357&amp;PluID=0&amp;ord=64421256&amp;rtu=-1\" style=\"height:0px; width:0px\" /></p>\r\n\r\n<p>&nbsp;</p>\r\n\r\n<p>Nghe c&oacute; vẻ kh&aacute; kỳ quặc, v&agrave; c&oacute; lẽ những trường hợp uống rượu bia trước khi điều khiển drone cũng kh&aacute; hiếm, nhưng theo một quan chức trong Bộ Giao th&ocirc;ng Nhật Bản, h&agrave;nh vi n&agrave;y cũng nghi&ecirc;m trọng như việc l&aacute;i xe khi uống rượu vậy.</p>\r\n\r\n<p>Mức phạt c&oacute; thể l&ecirc;n tới 1 năm t&ugrave; v&agrave; 2.750 USD nếu bị ph&aacute;t hiện điều khiển drone trọng lượng tr&ecirc;n 200g khi say xỉn.</p>\r\n\r\n<p><img alt=\"\" src=\"https://media.techz.vn/upload/2019/06/18/image-1560837610-download-2.png\" style=\"height:96px; width:700px\" /></p>\r\n\r\n<p>Ngo&agrave;i ra, một số quy định về điều khiển drone tại Nhật Bản c&oacute; thể kể đến như: Chỉ được bay dưới 150m, tr&aacute;nh xa c&aacute;c s&acirc;n bay, đ&aacute;m đ&ocirc;ng, chỉ được bay ban ng&agrave;y, lu&ocirc;n giữ drone trong tầm mắt. Nếu vi phạm, bạn c&oacute; thể bị phạt đến 4.600 USD</p>\r\n', '/public/image/2.jpg', '2019-06-20', 2, 2, 1, 0, 0, '', 1),
(26, 'Trí tuệ nhân tạo có thể phát hiện ảnh đã Photoshop lại khuôn mặt, trả lại niềm tin cho nhiếp ảnh', 'Đừng nghĩ ảnh đã chỉnh sửa cẩn thận thì không ai có thể phát hiện. Trí tuệ nhân tạo mới do chính Adobe góp công phát triển có thể đảo ngược vấn đề này.', '<p>Trong thời đại kỹ thuật số, h&agrave;ng ng&agrave;y ch&uacute;ng ta tiếp x&uacute;c với rất nhiều c&aacute;c bức ảnh đ&atilde; được chỉnh sửa, trong đ&oacute; c&oacute; kh&ocirc;ng &iacute;t những bức ảnh được can thiệp bằng phần mềm Photoshop để phục vụ cho một mục đ&iacute;ch n&agrave;o đ&oacute;. C&oacute; thể l&agrave; mục đ&iacute;ch tốt đẹp - gi&uacute;p t&aacute;c giả v&agrave; người mẫu c&oacute; những khung h&igrave;nh đẹp hơn, nhưng cũng c&oacute; thể l&agrave; mục đ&iacute;ch xấu như lừa đảo.</p>\r\n\r\n<p>Mới đ&acirc;y, một nh&oacute;m c&aacute;c nh&agrave; nghi&ecirc;n cứu đ&atilde; ph&aacute;t triển một loại AI c&oacute; khả năng ph&aacute;t hiện ảnh ch&acirc;n dung đ&atilde; chỉnh sửa bằng Photoshop. Nỗ lực n&agrave;y nhằm mục ti&ecirc;u lấy lại niềm tin cho ng&agrave;nh nhiếp ảnh vốn đ&atilde; trở n&ecirc;n bớt đ&aacute;ng tin trong thời đại số hiện nay.</p>\r\n\r\n<p><img alt=\"\" src=\"https://media.techz.vn/upload/2019/06/18/image-1560833923-editedfeattt.jpg\" style=\"height:368px; width:700px\" /></p>\r\n\r\n<p>&nbsp;</p>\r\n\r\n<p>&nbsp;&nbsp;&nbsp;&nbsp;&nbsp;&nbsp;</p>\r\n\r\n<p>T&iacute;nh năng trong phần mềm Photoshop được sử dụng rất nhiều trong việc chỉnh sửa khu&ocirc;n mặt l&agrave; Face Aware Liquify. Adobe đ&atilde; l&agrave;m n&oacute; mạnh tới mức c&oacute; thể chỉnh sửa m&agrave; vẫn giữ cho c&aacute;c đường n&eacute;t được tự nhi&ecirc;n v&agrave; &ldquo;thật&quot; như được chụp. Tuy nhi&ecirc;n cũng ch&iacute;nh Adobe đang phối hợp c&ugrave;ng c&aacute;c nh&agrave; nghi&ecirc;n cứu tại Đại học Berkeley để tạo ra một AI gi&uacute;p ph&aacute;t hiện việc chỉnh sửa n&agrave;y.</p>\r\n\r\n<p>Họ đ&atilde; sử dụng h&agrave;ng ng&agrave;n bức ảnh ch&acirc;n dung được chỉnh sửa bởi c&aacute;c nhiếp ảnh gia, những người sử dụng Photoshop chuy&ecirc;n nghiệp để huấn luyện cho AI n&agrave;y, gi&uacute;p n&oacute; c&oacute; thể nhận ra được những chỉnh sửa đ&atilde; thực hiện.</p>\r\n\r\n<p><img alt=\"\" src=\"https://media.techz.vn/upload/2019/06/18/image-1560833920-manipulations.jpg\" style=\"height:680px; width:700px\" /></p>\r\n\r\n<p>Trong khi tỷ lệ ph&aacute;t hiện ảnh đ&atilde; qua Photoshop của mắt người l&agrave; 53%, tỷ lệ n&agrave;y tr&ecirc;n tr&iacute; tuệ nh&acirc;n tạo l&agrave; 99%. N&oacute; c&oacute; thể ph&aacute;t hiện được từng khu vực đ&atilde; qua chỉnh sửa, v&agrave; thậm ch&iacute; đảo ngược ch&uacute;ng để đưa trở lại bức ảnh gốc.</p>\r\n', '/public/image/3.jpg', '2019-06-20', 2, 2, 2, 0, 0, '', 1),
(27, 'Máy ảnh không gương lật Sony bán nhiều hơn cả Canon và Nikon cộng lại', 'Riêng tại quê hương của cả 3 hãng, thành công của chiếc A7 III đưa doanh số máy ảnh không gương lật của Sony nhiều hơn bất cứ sản phẩm nào trên thị trường.', '<p>Thị trường m&aacute;y ảnh kh&ocirc;ng gương lật hiện đang c&oacute; bước ph&aacute;t triển kh&aacute; mạnh mẽ, với sự tham gia của hầu hết mọi nh&agrave; sản xuất. 2 &ldquo;&ocirc;ng lớn&rdquo; trong ng&agrave;nh l&agrave; Nikon v&agrave; Canon cũng đ&atilde; tham chiến với những sản phẩm như Nikon Z6/Z7, Canon EOS RP/R đều tạo được tiếng vang lớn. Tuy nhi&ecirc;n người nắm giữ vị thế cao nhất vẫn l&agrave; người đ&atilde; c&oacute; c&ocirc;ng ph&aacute;t triển d&ograve;ng m&aacute;y ảnh n&agrave;y, đ&oacute; l&agrave; Sony. Kết quả vừa được thống k&ecirc; chỉ ri&ecirc;ng tại thị trường Nhật Bản.</p>\r\n\r\n<p><img alt=\"\" src=\"https://media.techz.vn/upload/2019/05/07/image-1557197870-camerasales.jpg\" /></p>\r\n\r\n<p>&nbsp;&nbsp;&nbsp;&nbsp;&nbsp;&nbsp;&nbsp;undefined</p>\r\n\r\n<p>Theo c&ocirc;ng bố từ BCN được trang Petapixel dẫn lại, thứ tự của 5 chiếc m&aacute;y ảnh kh&ocirc;ng gương lật b&aacute;n chạy nhất thị trường Nhật Bản l&agrave; Sony A7 III, Canon EOS RP, Canon EOS R, Nikon Z6 v&agrave; cuối c&ugrave;ng l&agrave; Sony A7 II, với sự chia sẻ thị phần lần lượt: 42% - 14% - 12% v&agrave; 9% - 6%.</p>\r\n\r\n<p><img alt=\"\" src=\"https://media.techz.vn/upload/2019/05/07/image-1557197870-sonya7iiioutsellingfeattt.jpg\" style=\"height:368px; width:700px\" /></p>\r\n\r\n<p>C&oacute; thể thấy, chỉ ri&ecirc;ng mẫu Sony A7 III cũng đ&atilde; vượt qua to&agrave;n bộ c&aacute;c sản phẩm của Canon v&agrave; Nikon cộng lại. Kết quả n&agrave;y theo nhiều chuy&ecirc;n gia đến từ việc Sony l&agrave; một trong những nh&agrave; sản xuất ti&ecirc;n phong, c&oacute; hệ thống ống k&iacute;nh c&ugrave;ng phụ kiện phong ph&uacute;, v&agrave; cũng kh&ocirc;ng thể phủ nhận rằng A7 III l&agrave; một chiếc m&aacute;y qu&aacute; tốt.</p>\r\n', '/public/image/5.jpg', '2019-06-20', 2, 2, 2, 0, 0, '', 1),
(28, 'Những tính năng hỗ trợ chụp ảnh tốt hơn trên Galaxy S10 mà không phải ai cũng biết', 'Sử dụng trí tuệ nhân tạo, Galaxy S10 ngoài khả năng tối ưu về chất lượng hình ảnh thì còn có thể đưa ra cho bạn những gợi ý chụp để có một bức ảnh “chuẩn không cần chỉnh”.', '<p>Ảnh đẹp l&agrave; do người chụp, kh&ocirc;ng phải do m&aacute;y!&rdquo; - c&oacute; lẽ kh&ocirc;ng &iacute;t lần bạn được nghe những c&acirc;u khẳng định như vậy từ những tay m&aacute;y chuy&ecirc;n nghiệp với th&acirc;m ni&ecirc;n trong lĩnh vực ảnh. Điều n&agrave;y đ&ocirc;i khi g&acirc;y n&ecirc;n những &aacute;p lực kh&ocirc;ng nhỏ cho những người lần đầu cầm m&aacute;y, hoặc kinh nghiệm chưa l&acirc;u bởi đ&ocirc;i khi ch&uacute;ng ta sẽ phải bối rồi khi vừa cầm m&aacute;y chụp, vừa phải ...nhẩm lại b&agrave;i học về bố cục, về &aacute;nh s&aacute;ng mới đọc gần đ&acirc;y.</p>\r\n\r\n<p>Thế nhưng, nếu tất cả những kiến thức đ&oacute; đều được m&aacute;y &ldquo;học thuộc&rdquo; v&agrave; chỉ cho bạn ngay trong l&uacute;c chụp th&igrave; sao? Ch&uacute;ng ta sẽ chỉ cần đưa m&aacute;y l&ecirc;n, l&agrave;m theo chỉ dẫn tr&ecirc;n m&agrave;n h&igrave;nh v&agrave; bấm chụp&hellip; Thật tiện lợi! V&agrave; đ&oacute; cũng l&agrave; những g&igrave; m&agrave; t&ocirc;i cảm nhận được sau thời gian sử dụng Galaxy S10 Plus.</p>\r\n\r\n<p><img alt=\"\" src=\"https://media.techz.vn/upload/2019/05/02/image-1556780729-image-1556099712-Camera-S10plus-Techz-06207.jpg\" style=\"height:467px; width:700px\" /></p>\r\n\r\n<p>Tr&ecirc;n Galaxy S10 Plus hay d&ograve;ng sản phẩm Galaxy S10-series n&oacute;i chung, Samsung đ&atilde; bổ sung th&ecirc;m một t&iacute;nh năng kh&aacute; th&uacute; vị c&oacute; t&ecirc;n &ldquo;Đề xuất chụp&quot; b&ecirc;n cạnh Tr&igrave;nh tối ưu bối cảnh v&agrave; Ph&aacute;t hiện lỗi. Tr&igrave;nh tối ưu bối cảnh sẽ tối ưu về m&agrave;u sắc, về độ s&aacute;ng, độ tương phản,... cho bức ảnh, Ph&aacute;t hiện lỗi sẽ gi&uacute;p bạn biết được l&agrave; bức ảnh vừa chụp c&oacute; bị rung mờ, hay người trong ảnh c&oacute; lỡ nhắm mắt hay kh&ocirc;ng,... c&ograve;n Đề xuất chụp sẽ đưa ra phương &aacute;n bố cục tối ưu nhất.</p>\r\n\r\n<p><em><img alt=\"\" src=\"https://media.techz.vn/upload/2019/05/02/image-1556780788-iScreenshot_20190430-092250_Camera.png\" style=\"height:332px; width:700px\" /></em></p>\r\n\r\n<p><em>Mở ứng dụng M&aacute;y ảnh &gt; Mở C&agrave;i đặt m&aacute;y ảnh &gt; Bật c&aacute;c tuỳ chọn như tr&ecirc;n h&igrave;nh để c&oacute; được một ứng dụng camera th&ocirc;ng minh nhất.</em></p>\r\n\r\n<p>Về cơ bản, khi bạn đưa m&aacute;y l&ecirc;n chụp, S10 sẽ t&iacute;nh to&aacute;n về bối cảnh, về chủ thể,... sau đ&oacute; đựa v&agrave;o những nguy&ecirc;n tắc trong nhiếp ảnh v&agrave; việc &ldquo;học&quot; từ rất nhiều bức ảnh (theo Samsung c&ocirc;ng bố l&agrave; 100 triệu bức) của c&aacute;c nhiếp ảnh gia v&agrave; đưa ra gợi &yacute; tối ưu nhất. D&ugrave; bạn chẳng biết nhiều về chụp ảnh, Galaxy S10 cũng gi&uacute;p bạn c&oacute; được bức ảnh ưng &yacute; chỉ trong 1 lần bấm m&aacute;y.</p>\r\n\r\n<h3>&ldquo;TƯ VẤN&rdquo; G&Oacute;C M&Aacute;Y ĐẸP NHẤT</h3>\r\n\r\n<p>C&oacute; lẽ kh&ocirc;ng &iacute;t lần ch&uacute;ng ta nhờ người chụp ảnh v&agrave; c&aacute;i kết kh&ocirc;ng thể buồn hơn khi ảnh nhận được kh&ocirc;ng &ldquo;out n&eacute;t&quot; th&igrave; cũng m&eacute;o m&oacute;, xệch xoạc. Đ&oacute; l&agrave; bởi người chụp đ&ocirc;i khi kh&ocirc;ng nắm được những yếu tố cần thiết của bức ảnh, kh&ocirc;ng biết thế n&agrave;o l&agrave; một bức ảnh &ldquo;chuẩn&quot; để căn g&oacute;c cho ph&ugrave; hợp.</p>\r\n\r\n<p>Với t&iacute;nh năng &ldquo;Đề xuất chụp&rdquo;, Galaxy S10 sẽ &ldquo;đọc&quot; được bổi cảnh m&agrave; bạn đang chụp, x&aacute;c định chủ thể của bức ảnh, yếu tố n&agrave;o cần l&agrave;m nổi bật, g&oacute;c m&aacute;y n&agrave;o l&agrave; đẹp nhất, từ đ&oacute; đưa ra bố cục ph&ugrave; hợp cho bức ảnh v&agrave; đề xuất cho bạn đặt m&aacute;y đ&uacute;ng vị tr&iacute;.</p>\r\n', '/public/image/6.jpg', '2019-06-20', 2, 2, 0, 0, 0, '', 1),
(29, 'ẢNH CHỤP NON NƯỚC TRÀNG AN BẰNG GALAXY S10 PLUS - ĐIỂM ĐẾN KHÔNG THỂ BỎ QUA TRONG KỲ NGHỈ LỄ NÀY', 'Cách Hà Nội khoảng 100km, quần thể danh thắng Tràng An khá phù hợp cho một chuyến đi du lịch ngắn ngày. Một chiếc điện thoại với 3 camera như Galaxy S10 Plus hoàn toàn đủ để ghi lạ', '<p>Kh&ocirc;ng phải ngẫu nhi&ecirc;n m&agrave; Tr&agrave;ng An l&agrave; một trong những điểm bất cứ ai cũng n&ecirc;n đến một lần trong đời. Nhắc đến Tr&agrave;ng An, ngo&agrave;i hệ thống s&ocirc;ng suối v&agrave; n&uacute;i đ&aacute; c&oacute; tuổi địa chất l&ecirc;n tới 250 triệu năm, quần thể danh thắng Tr&agrave;ng An c&ograve;n c&oacute; cố đ&ocirc; Hoa Lư, c&aacute;c đền ch&ugrave;a c&oacute; gi&aacute; trị lịch sử văn ho&aacute; cao m&agrave; kh&aacute;ch du lịch c&oacute; thể thưởng l&atilde;m ngay trong một chuyến đi ngắn ng&agrave;y.</p>\r\n\r\n<p><img alt=\"Ảnh chụp non nước Tràng An bằng Galaxy S10 Plus - Điểm đến không thể bỏ qua trong kỳ nghỉ lễ này\" src=\"https://media.techz.vn/upload/2019/04/27/image-1556356166-TrangAn-Camera-S10plus-Techz-01-27.jpg\" title=\"Ảnh chụp non nước Tràng An bằng Galaxy S10 Plus - Điểm đến không thể bỏ qua trong kỳ nghỉ lễ này\" /></p>\r\n\r\n<p>&nbsp;</p>\r\n\r\n<p>Tr&agrave;ng An c&aacute;ch H&agrave; Nội chỉ khoảng 100km n&ecirc;n bạn c&oacute; thể đến bằng nhiều loại phương tiện: Xe m&aacute;y, &ocirc; t&ocirc; hoặc xe kh&aacute;ch đến th&agrave;nh phố Ninh B&igrave;nh với chi ph&iacute; kh&ocirc;ng qu&aacute; cao. Với cảnh sắc v&agrave; địa h&igrave;nh nơi đ&acirc;y, một thiết bị ghi h&igrave;nh nhỏ gọn v&agrave; đa năng như smartphone sẽ l&agrave; th&iacute;ch hợp nhất. Ảnh trong b&agrave;i được chụp bằng Galaxy S10 Plus, sở hữu bộ 3 camera ở 3 ti&ecirc;u cự kh&aacute;c nhau n&ecirc;n người d&ugrave;ng c&oacute; thể chụp to&agrave;n cảnh bằng ống k&iacute;nh g&oacute;c rộng hoặc chụp xa bằng ống k&iacute;nh tele, chụp trong điều kiện &aacute;nh s&aacute;ng yếu với ống k&iacute;nh khẩu độ l&ecirc;n tới f/1.5 kh&aacute; tiện lợi.&nbsp;</p>\r\n\r\n<p><em><img alt=\"Ảnh chụp non nước Tràng An bằng Galaxy S10 Plus - Điểm đến không thể bỏ qua trong kỳ nghỉ lễ này\" src=\"https://media.techz.vn/upload/2019/04/27/image-1556356165-TrangAn-Camera-S10plus-Techz-01-29.jpg\" style=\"height:933px; width:700px\" title=\"Ảnh chụp non nước Tràng An bằng Galaxy S10 Plus - Điểm đến không thể bỏ qua trong kỳ nghỉ lễ này\" /></em></p>\r\n\r\n<p><em>H&agrave;nh tr&igrave;nh bắt đầu tại đ&acirc;y. Khu vực Bến thuyền - nơi chuẩn bị xuất ph&aacute;t để kh&aacute;m ph&aacute; Tr&agrave;ng An. Mỗi thuyền chở được 4 kh&aacute;ch với gi&aacute; v&eacute; v&agrave;o l&agrave; 200.000đ/người.&nbsp;</em></p>\r\n', '/public/image/7.jpg', '2019-06-20', 2, 2, 1, 0, 0, '', 1),
(30, 'MỘT CHUYẾN ĐI TRÀNG AN, TÔI MỚI THẤY GALAXY S10 ĐÚNG LÀ CHIẾC MÁY SINH RA CHO NGƯỜI THÍCH DU LỊCH', 'Ngoài cụm camera có chất lượng khá tốt, rất nhiều tính năng trên Galaxy S10+ mà tôi từng nghĩ chỉ để “làm màu\", nhưng chúng lại phát huy tác dụng một cách tuyệt vời trong chuyến đi', '<p>V&agrave;i năm trở lại đ&acirc;y, Tr&agrave;ng An (Ninh B&igrave;nh) l&agrave; một trong những điểm đến hấp dẫn nhất khu vực miền Bắc. C&aacute;ch H&agrave; Nội tr&ograve;n 100 km, nhưng đến với Tr&agrave;ng An l&agrave; bạn c&oacute; thể vi vu v&agrave; thưởng ngoạn cả n&uacute;i rừng tr&ugrave;ng điệp, hồ nước m&ecirc;nh m&ocirc;ng, ch&ugrave;a chiền cổ k&iacute;nh c&ugrave;ng những c&ocirc;ng tr&igrave;nh x&acirc;y dựng đ&atilde; đi v&agrave;o cả lịch sử v&agrave; thơ ca. Chưa kể đế năm 2017 với th&agrave;nh c&ocirc;ng của bộ phim &#39;Kong: Skull island&#39;, tỉnh Ninh B&igrave;nh đ&atilde; phục dựng lại bối cảnh l&agrave;ng thổ d&acirc;n trong phim v&agrave; mở cửa miễn ph&iacute; cho kh&aacute;ch đến tham quan Tr&agrave;ng An. Nơi đ&acirc;y tiếp tục trở th&agrave;nh một điểm đến thu h&uacute;t được nhiều kh&aacute;ch du lịch từ khắp nơi tr&ecirc;n thế giới.</p>\r\n\r\n<p><img alt=\"Một chuyến đi Tràng An, tôi mới thấy Galaxy S10 đúng là chiếc máy sinh ra cho người thích du lịch\" src=\"https://media.techz.vn/upload/2019/04/24/image-1556099709-Camera-S10plus-Techz-01-6.jpg\" title=\"Một chuyến đi Tràng An, tôi mới thấy Galaxy S10 đúng là chiếc máy sinh ra cho người thích du lịch\" /></p>\r\n\r\n<p>Chuẩn bị tới kỳ nghỉ lễ d&agrave;i, nếu bạn đang băn khoăn t&igrave;m một nơi kh&ocirc;ng qu&aacute; xa H&agrave; Nội m&agrave; c&oacute; thể nghỉ dưỡng kết hợp du lịch trải nghiệm c&ugrave;ng gia đ&igrave;nh hoặc bạn b&egrave; th&igrave; quần thể Tr&agrave;ng An l&agrave; một trong những điểm đến kh&aacute; l&yacute; tưởng. Trong chuyến du lịch n&agrave;y, c&oacute; lẽ đến bất cứ đ&acirc;u bạn cũng sẽ muốn ghi lại khung cảnh độc đ&aacute;o v&agrave; ấn tượng m&agrave; thi&ecirc;n nhi&ecirc;n ban tặng cho v&ugrave;ng đất Ninh B&igrave;nh. Tuy nhi&ecirc;n cũng đừng qu&aacute; cầu kỳ m&agrave; mang theo những thiết bị ghi h&igrave;nh chuy&ecirc;n nghiệp như DSLR, bởi việc di chuyển giữa địa h&igrave;nh n&uacute;i đ&aacute; xem kẽ những hồ nước tốn kh&aacute; nhiều c&ocirc;ng sức v&agrave; tiềm ẩn nhiều rủi ro cho thiết bị điện tử của bạn.</p>\r\n\r\n<p><img alt=\"Một chuyến đi Tràng An, tôi mới thấy Galaxy S10 đúng là chiếc máy sinh ra cho người thích du lịch\" src=\"https://media.techz.vn/upload/2019/04/24/image-1556099712-Camera-S10plus-Techz-06207.jpg\" style=\"height:467px; width:700px\" title=\"Một chuyến đi Tràng An, tôi mới thấy Galaxy S10 đúng là chiếc máy sinh ra cho người thích du lịch\" /></p>\r\n\r\n<p>Trong chuyến đi lần n&agrave;y, t&ocirc;i quyết định mang theo người bạn đồng h&agrave;nh l&agrave; Galaxy S10+, chiếc m&aacute;y c&oacute; cụm 3 camera sau với khả năng chụp ảnh g&oacute;c rộng, g&oacute;c si&ecirc;u rộng v&agrave; cả 1 camera tele zoom quang 2x hứa hẹn sẽ mang tới những g&oacute;c ảnh đa dạng v&agrave; tiện dụng cho người chụp, khi m&agrave; phần lớn thời gian tham quan Tr&agrave;ng An sẽ l&agrave; ngồi tr&ecirc;n thuyền thay v&igrave; thoải m&aacute;i di chuyển như tr&ecirc;n mặt đất. Thế nhưng những g&igrave; m&agrave; chiếc m&aacute;y n&agrave;y mang lại c&ograve;n vượt qua cả mong đợi.</p>\r\n', '/public/image/8.jpg', '2019-06-20', 2, 2, 1, 0, 0, '', 1),
(31, 'Máy ảnh Fujifilm X-T30 chính thức ra mắt tại VN, giá từ 21,9 triệu đồng', 'Fujifilm X-T30, mẫu máy ảnh mirrorless mới nhất của hãng máy ảnh Nhật Bản vừa chính thức cập bến thị trường Việt Nam. Đây có thể coi là một phiên bản nhỏ gọn và có giá bán thấp hơn', '<p>Về cơ bản, X-T30 vẫn kế thừa mọi đường n&eacute;t trong thiết kế m&aacute;y ảnh d&ograve;ng kh&ocirc;ng gương lật của m&igrave;nh. Duy chỉ c&oacute; một ch&uacute;t thay đổi nằm ở phần điều khiển, chẳng hạn như c&aacute;c n&uacute;t điều hướng đ&atilde; được thay thế ho&agrave;n to&agrave;n bằng cần điều khiển dạng joystick, kết hợp c&ugrave;ng m&agrave;n h&igrave;nh cảm ứng gi&uacute;p cho mặt sau của m&aacute;y trở n&ecirc;n tối giản. M&aacute;y c&oacute; m&agrave;n h&igrave;nh 3&rdquo; 1.04 triệu điểm xoay 2 hướng nhỏ gọn hơn, ống ngắm điện tử 0.39-inch 2.36 triệu điểm. C&oacute; thể thấy X-T30 đ&atilde; cho thấy, X-T30 đ&atilde; thể hiện xu hướng đơn giản ho&aacute; tr&igrave;nh điều khiển cũng như l&agrave;m nhỏ gọn hơn ở th&acirc;n m&aacute;y.</p>\r\n\r\n<p><img alt=\"\" src=\"https://media.techz.vn/upload/2019/03/22/image-1553225355-Pauleth-Ip-The-Phoblographer-Fujifilm-X-T30-Product-Image-01-770x514.jpg\" style=\"height:467px; width:700px\" /></p>\r\n\r\n<p>&nbsp;</p>\r\n\r\n<p>&nbsp;&nbsp;&nbsp;&nbsp;&nbsp;&nbsp;&nbsp;undefined</p>\r\n\r\n<p>Về sức mạnh, X-T30 được trang bị cảm biến 26.1-megapixel X-Trans CMOS BSI, với dải ISO từ 80 đến 51200, vi xử l&yacute; X-Processor 4 nh&acirc;n gi&uacute;p lấy n&eacute;t tốc độ cao. Người d&ugrave;ng c&oacute; thể chụp li&ecirc;n tục 30 h&igrave;nh tr&ecirc;n gi&acirc;y (m&agrave;n trập điện tử, crop 1.25x), lấy n&eacute;t trong tối -3EV v&agrave; c&oacute; tốc độ thực thi nhanh hơn 150% so với X-T20.</p>\r\n\r\n<p>Một điểm th&uacute; vị l&agrave; X-T30 sẽ được trang bị hệ thống lấy n&eacute;t c&ograve;n cao cấp hơn so với X-T3, c&oacute; thể nhận diện khu&ocirc;n mặt v&agrave; mắt một c&aacute;ch th&ocirc;ng minh. M&aacute;y c&oacute; khả năng quay video 4K, c&ugrave;ng với đ&oacute; l&agrave; 1 microphone phục vụ việc quay phim. Nếu muốn cắm tai nghe sẽ phải d&ugrave;ng qua cổng USB-C với giắc chuyển đổi giống với c&aacute;c smartphone Android hiện nay.</p>\r\n\r\n<p><img alt=\"\" src=\"https://media.techz.vn/upload/2019/03/22/image-1553225337-Pauleth-Ip-The-Phoblographer-Fujifilm-X-T30-Product-Image-06.jpg\" style=\"height:467px; width:700px\" /></p>\r\n\r\n<p>Một số th&ocirc;ng số kh&aacute;c bao gồm m&agrave;n h&igrave;nh 3-inch 1.04 triệu điểm xoay 2 hướng, ống ngắm điện tử 0.39-inch 2.36 triệu điểm, chế độ SR Auto để tăng dải tương phản động c&ugrave;ng với 58 presets m&agrave;u đặc trưng của Fujifilm.</p>\r\n\r\n<p>Mức gi&aacute; ch&iacute;nh thức của Fujifilm X-T30 tại Việt Nam l&agrave; 21,99 triệu đồng cho ri&ecirc;ng th&acirc;n m&aacute;y. Nếu mua k&egrave;m ống Kit XC 15-45mm, gi&aacute; sẽ l&agrave; 24,99 triệu đồng v&agrave; mua k&egrave;m ống Kit XF 18-55mm, gi&aacute; sẽ l&agrave; 31,99 triệu đồng.</p>\r\n', '/public/image/9.jpg', '2019-06-20', 2, 2, 3, 0, 0, '', 1),
(32, 'Trải nghiệm camera Xiaomi Mi Mix 3: Đẹp ngỡ ngàng Hà Nội mùa thay lá', 'Cùng ngắm nhìn một Hà Nội đầy màu sắc qua ống kính của Xiaomi Mi Mix 3.', '<p>Cầm tr&ecirc;n tay chiếc Xiaomi Mi Mix 3 đ&uacute;ng v&agrave;o những H&agrave; Nội nhuộm v&agrave;ng bởi l&aacute; lộc vừng, t&ocirc;i kh&ocirc;ng bỏ qua cơ hội tuyệt vời n&agrave;y để vừa trải nghiệm camera của chiếc điện thoại chụp ảnh h&agrave;ng đầu thế giới, vừa lang thang ngắm nh&igrave;n H&agrave; Nội trong những ng&agrave;y đầu ti&ecirc;n của m&ugrave;a l&aacute; rụng năm nay.</p>\r\n\r\n<p><img alt=\"\" src=\"https://media.techz.vn/upload/2019/03/16/image-1552675564-camera-mimix3-techz-5251.jpg\" /></p>\r\n\r\n<p>&nbsp;&nbsp;&nbsp;&nbsp;&nbsp;&nbsp;undefined</p>\r\n\r\n<p>Tiết trời &acirc;m u, hơi se lạnh v&agrave; mưa lất phất bay l&agrave; đặc trưng của m&ugrave;a xu&acirc;n Bắc Bộ. Thế nhưng tiết trời n&agrave;y cũng v&ocirc; t&igrave;nh mang lại cho H&agrave; Nội một vẻ đẹp kh&aacute;c lạ, một bộ mặt mới với sắc v&agrave;ng, sắc đỏ khắp mọi ng&otilde; ng&aacute;ch. Dạo quanh H&agrave; Nội những ng&agrave;y n&agrave;y, t&ocirc;i kh&ocirc;ng khỏi cho&aacute;ng ngợp trước h&agrave;ng c&acirc;u b&agrave;ng, c&acirc;y lộc vừng ở khắp mọi nơi đang thay l&aacute;, tạo n&ecirc;n một cảnh tượng v&ocirc; c&ugrave;ng đẹp mắt m&agrave; c&oacute; lẽ bất cứ ai cũng muốn sống chậm lại để thưởng thức, để c&ugrave;ng lấy điện thoại ra ghi ch&uacute;t h&igrave;nh kỷ niệm cho ri&ecirc;ng m&igrave;nh.</p>\r\n\r\n<p>T&ocirc;i cũng kh&ocirc;ng ngoại lệ khi chọn cho m&igrave;nh người bạn đồng h&agrave;nh l&agrave; Mi Mix 3 - chiếc điện thoại mạnh mẽ v&agrave; c&oacute; thiết kế độc đ&aacute;o từ Xiaomi. Nổi tiếng với cơ cấu trượt m&agrave;n h&igrave;nh độc đ&aacute;o, sử dụng vật liệu gốm cao cấp cho mặt lưng, thế nhưng Mi Mix 3 c&ograve;n l&agrave; một thiết bị chụp ảnh đ&aacute;ng gờm. Điểm số 103 từ DoXMark đ&atilde; phần n&agrave;o thể hiện sức mạnh n&agrave;y, đồng thời đưa Mix 3 lọt top 10 điện thoại chụp ảnh tốt nhất thế giới v&agrave; cũng gi&uacute;p t&ocirc;i tự tin hơn khi dạo chơi H&agrave; Nội chỉ với 1 thiết bị ghi h&igrave;nh duy nhất.</p>\r\n\r\n<p>V&agrave; cuộc h&agrave;nh tr&igrave;nh cứ thế bắt đầu.</p>\r\n\r\n<p><em><img alt=\"\" src=\"https://media.techz.vn/upload/2019/03/15/image-1552664696-camera-mimix3-techz-121404.jpg\" /></em></p>\r\n\r\n<p><em>&quot;Con đường t&igrave;nh y&ecirc;u&quot; ở Đại học Sư phạm H&agrave; Nội l&agrave; một trong những nơi được c&aacute;c bạn trẻ t&igrave;m đến nhờ h&agrave;ng lộc vừng rụng l&aacute; v&agrave;ng y như trong những bộ phim H&agrave;n Quốc.</em></p>\r\n\r\n<p><em><img alt=\"\" src=\"https://media.techz.vn/upload/2019/03/15/image-1552664696-camera-mimix3-techz-120556.jpg\" /></em></p>\r\n\r\n<p><em><img alt=\"\" src=\"https://media.techz.vn/upload/2019/03/15/image-1552664697-camera-mimix3-techz-114152.jpg\" /></em></p>\r\n\r\n<p><em>Một bạn trẻ thẩn thờ ngắm h&agrave;ng c&acirc;y trổ v&agrave;ng. Ảnh được chụp với chế độ xo&aacute; ph&ocirc;ng của Mi Mix 3.</em></p>\r\n\r\n<p><em><img alt=\"\" src=\"https://media.techz.vn/upload/2019/03/15/image-1552664696-camera-mimix3-techz-125619.jpg\" /></em></p>\r\n', '/public/image/10.jpg', '2019-06-20', 2, 2, 1, 0, 0, '', 1),
(33, 'iOS 13 đặt dấu chấm hết cho iPhone 5s, iPhone 6 và 6 Plus', 'iPhone 5s, 6 và 6 Plus đã chính thức đặt dấu chấm hết trên phiên bản iOS 13 mới vừa được ra mắt.', '<p>Trong khu&ocirc;n khổ sự kiện đ&ecirc;m qua, t&acirc;m điểm n&oacute;ng nhất kh&ocirc;ng ai kh&aacute;c ch&iacute;nh l&agrave; phi&ecirc;n bản iOS 13 mới nhất d&agrave;nh cho iPhone/iPod/iPad. Đ&acirc;y c&oacute; thể xem l&agrave; phi&ecirc;n bản mang t&iacute;nh lột x&aacute;c của Apple với h&agrave;ng loạt những n&acirc;ng cấp lớn cả về mặt giao diện với Dark Mode, h&agrave;ng loạt c&aacute;c ứng dụng Reminder, Mail, Memoji, Photos.. Hay thậm ch&iacute; về mặt hiệu năng như tăng tốc FaceID, tăng gấp đ&ocirc;i tốc độ mở ứng dụng, ứng dụng nhẹ hơn..&nbsp;</p>\r\n\r\n<p><img alt=\"\" src=\"https://media.techz.vn/upload/2019/06/04/image-1559607799-Screenshot_91_678x452.png\" /></p>\r\n\r\n<p><img src=\"https://bs.serving-sys.com/serving/adServer.bs?cn=display&amp;c=19&amp;mc=imp&amp;pli=28484357&amp;PluID=0&amp;ord=64421256&amp;rtu=-1\" style=\"height:0px; width:0px\" /></p>\r\n\r\n<p>Thế nhưng, c&oacute; một điều đ&aacute;ng buồn với người d&ugrave;ng iPhone 5s/6/6 Plus l&agrave; họ sẽ kh&ocirc;ng được ph&eacute;p n&acirc;ng cấp l&ecirc;n iOS 13, do phần cứng kh&ocirc;ng đ&aacute;p ứng được c&aacute;c ti&ecirc;u ch&iacute; của Apple. Dưới đ&acirc;y l&agrave; danh s&aacute;ch c&aacute;c thiết bị được n&acirc;ng cấp l&ecirc;n iOS 13:</p>\r\n\r\n<p><img alt=\"\" src=\"https://media.techz.vn/upload/2019/06/04/image-1559607796-iPhone-6s.jpg\" /></p>\r\n\r\n<h3><strong>IPHONE</strong></h3>\r\n\r\n<p>- iPhone XS, iPhone XS Max v&agrave; iPhone XR&nbsp;</p>\r\n\r\n<p>- iPhone X&nbsp;</p>\r\n\r\n<p>- iPhone 8 v&agrave; iPhone 8 Plus&nbsp;</p>\r\n\r\n<p>- iPhone 7 v&agrave; iPhone 7 Plus&nbsp;</p>\r\n\r\n<p>- iPhone 6s v&agrave; iPhone 6s Plus&nbsp;</p>\r\n\r\n<p>- iPhone SE&nbsp;&nbsp;</p>\r\n\r\n<h3><strong>IPAD</strong></h3>\r\n\r\n<p>- iPad Pro 12.9&quot;, iPad Pro 11&quot;, iPad Pro 10.5&quot; v&agrave; iPad Pro 9.7&quot;</p>\r\n\r\n<p>- iPad thế hệ 6 (2018) v&agrave; thế hệ 5 (2017)</p>\r\n\r\n<p>- iPad mini 5 v&agrave; iPad mini 4</p>\r\n\r\n<p>- iPad Air 3 v&agrave; iPad Air 2</p>\r\n', '/public/image/16.png', '2019-06-20', 1, 2, 1, 0, 0, '', 1);

-- --------------------------------------------------------

--
-- Cấu trúc bảng cho bảng `tag`
--

DROP TABLE IF EXISTS `tag`;
CREATE TABLE IF NOT EXISTS `tag` (
  `id` int(11) NOT NULL AUTO_INCREMENT,
  `nameTag` varchar(200) NOT NULL,
  PRIMARY KEY (`id`)
) ENGINE=InnoDB AUTO_INCREMENT=6 DEFAULT CHARSET=utf8;

--
-- Đang đổ dữ liệu cho bảng `tag`
--

INSERT INTO `tag` (`id`, `nameTag`) VALUES
(1, 'default'),
(2, 'Công nghệ'),
(3, 'Laptop'),
(4, 'Phần mềm'),
(5, 'Phần cứng');

-- --------------------------------------------------------

--
-- Cấu trúc bảng cho bảng `user`
--

DROP TABLE IF EXISTS `user`;
CREATE TABLE IF NOT EXISTS `user` (
  `id` int(11) NOT NULL AUTO_INCREMENT,
  `email` varchar(100) NOT NULL,
  `password` text NOT NULL,
  `name` varchar(100) NOT NULL,
  `birthday` date NOT NULL,
  `userRight` int(11) NOT NULL DEFAULT '0',
  `manageCategory` int(11) NOT NULL DEFAULT '0',
  PRIMARY KEY (`id`),
  UNIQUE KEY `email` (`email`)
) ENGINE=InnoDB AUTO_INCREMENT=4 DEFAULT CHARSET=utf8;

--
-- Đang đổ dữ liệu cho bảng `user`
--

INSERT INTO `user` (`id`, `email`, `password`, `name`, `birthday`, `userRight`, `manageCategory`) VALUES
(1, 'nhoxxinhtrai98@gmail.com', '$2b$10$yhTDbDOBCYqx5lZe0Fg9BuEMODvuUI4ERMQSXMW1vgvL4jh1AzIkK', 'Lương Trần Gia Bảo', '1998-04-30', 3, 2),
(2, 'meomeo@gmail.com', '$2b$10$ociXiCMIbp3NmltD2S9DMekQ0UDsQtAfVBPqF4qJTMla50tvHY7va', 'Mèo Con', '2019-06-19', 2, 0),
(3, 'admin@gmail.com', '$2b$10$3Rde9Ghocitj5t43npMjuumyu/c01AsAg0n9B58HpWQYw8NLo/cwm', 'Admin', '2019-06-10', 9, 0);

--
-- Chỉ mục cho các bảng đã đổ
--

--
-- Chỉ mục cho bảng `post`
--
ALTER TABLE `post` ADD FULLTEXT KEY `title` (`title`,`short_content`,`content`);

--
-- Các ràng buộc cho các bảng đã đổ
--

--
-- Các ràng buộc cho bảng `comment`
--
ALTER TABLE `comment`
  ADD CONSTRAINT `comment_ibfk_1` FOREIGN KEY (`id_user`) REFERENCES `user` (`id`),
  ADD CONSTRAINT `comment_ibfk_2` FOREIGN KEY (`id_post`) REFERENCES `post` (`id`);

--
-- Các ràng buộc cho bảng `post`
--
ALTER TABLE `post`
  ADD CONSTRAINT `post_ibfk_2` FOREIGN KEY (`id_author`) REFERENCES `user` (`id`),
  ADD CONSTRAINT `post_ibfk_3` FOREIGN KEY (`id_category`) REFERENCES `category` (`id`),
  ADD CONSTRAINT `post_ibfk_4` FOREIGN KEY (`id_tag`) REFERENCES `tag` (`id`);
COMMIT;

/*!40101 SET CHARACTER_SET_CLIENT=@OLD_CHARACTER_SET_CLIENT */;
/*!40101 SET CHARACTER_SET_RESULTS=@OLD_CHARACTER_SET_RESULTS */;
/*!40101 SET COLLATION_CONNECTION=@OLD_COLLATION_CONNECTION */;
